time,pelvis_qw,pelvis_qx,pelvis_qy,pelvis_qz,femur_r_qw,femur_r_qx,femur_r_qy,femur_r_qz,tibia_r_qw,tibia_r_qx,tibia_r_qy,tibia_r_qz,patella_r_qw,patella_r_qx,patella_r_qy,patella_r_qz,talus_r_qw,talus_r_qx,talus_r_qy,talus_r_qz,calcn_r_qw,calcn_r_qx,calcn_r_qy,calcn_r_qz,toes_r_qw,toes_r_qx,toes_r_qy,toes_r_qz,femur_l_qw,femur_l_qx,femur_l_qy,femur_l_qz,tibia_l_qw,tibia_l_qx,tibia_l_qy,tibia_l_qz,patella_l_qw,patella_l_qx,patella_l_qy,patella_l_qz,talus_l_qw,talus_l_qx,talus_l_qy,talus_l_qz,calcn_l_qw,calcn_l_qx,calcn_l_qy,calcn_l_qz,toes_l_qw,toes_l_qx,toes_l_qy,toes_l_qz,torso_qw,torso_qx,torso_qy,torso_qz,humerus_r_qw,humerus_r_qx,humerus_r_qy,humerus_r_qz,ulna_r_qw,ulna_r_qx,ulna_r_qy,ulna_r_qz,radius_r_qw,radius_r_qx,radius_r_qy,radius_r_qz,hand_r_qw,hand_r_qx,hand_r_qy,hand_r_qz,humerus_l_qw,humerus_l_qx,humerus_l_qy,humerus_l_qz,ulna_l_qw,ulna_l_qx,ulna_l_qy,ulna_l_qz,radius_l_qw,radius_l_qx,radius_l_qy,radius_l_qz,hand_l_qw,hand_l_qx,hand_l_qy,hand_l_qz
2.25,0.9084349467095567,-0.06767000031346222,-0.3891803291697403,-0.13676764983618514,0.8063525024969806,-0.12460581809511147,-0.07130568272104712,0.5737460513375144,0.4291141856869938,0.10953667492480965,0.006019718769657567,-0.896563715234193,1.0,0.0,0.0,0.0,0.9986265839622197,0.005501918781812887,0.00911739214091746,-0.051298614544789733,0.9838773950957085,-0.140782628475345,-0.10815556868919479,0.021630901524734514,0.947879581932566,-0.1851088490719603,-6.881910658979029e-07,0.25934342511450803,0.9468263815690737,0.07174980114443578,0.02563068185654384,0.3125937257017762,0.8474743324511154,-0.06171257625093193,-0.06380893287963581,-0.5233614753244371,1.0,0.0,0.0,0.0,0.9905668996131625,0.014390069954781926,0.02384621000707493,0.1341696744639486,0.9722024445701467,0.18431178199685244,0.14159662888720354,0.02831904794930351,0.9238803877325322,0.22232049465428724,-8.265351924482967e-07,0.3114781321684974,0.9676762886600773,0.08972372984424093,0.0015427872272022,-0.2356902044537869,0.9004993563135086,-0.34042295379493587,0.18828809737502195,-0.19432116250007841,0.802069057231966,0.13500250538207054,0.013299737505352717,0.5816207251756752,0.855592031919111,0.029194496326389756,0.5168258256075968,0.00101108150080631,0.9999999999999998,-6.938893903907228e-18,-3.881443777498106e-17,-6.938893903907228e-18,0.9190702516361002,0.3625066961240551,-0.06612901374567348,-0.13973446734360687,0.6867461628720755,-0.16431315397603513,-0.01618726860196544,0.7078974979092212,0.765365780438452,-0.036297539490377284,-0.6425699421188965,0.0012570783990656607,0.9999999999999999,-2.7755575615628914e-17,-4.163336342344337e-17,-6.938893903907228e-18
2.26,0.9100693271866371,-0.0639272175860778,-0.3862941610033497,-0.13588212443320855,0.8043456269365997,-0.1270357269038682,-0.07759034294074205,0.5752128086198294,0.4233259797200799,0.11007357503635337,0.004842442215799034,-0.8992527307304314,1.0,0.0,0.0,0.0,0.9982749249776155,0.006165650468982403,0.010217281526467725,-0.057487094842575304,0.9834828672473945,-0.14248055745962646,-0.1094599943621462,0.021891784099898393,0.9594302754159814,-0.16379782075243965,-6.089616860355251e-07,0.22948599201605985,0.9443559717532112,0.06328679528593974,0.023674726285401664,0.3219100611844791,0.8403690769455928,-0.06319503005671015,-0.06336970414144195,-0.5345750492557333,1.0,0.0,0.0,0.0,0.9911945498662571,0.013905285703159104,0.02304285970310509,0.12964965854812108,0.972886864078732,0.18206019997993234,0.13986686196831827,0.027973097959519133,0.9405709124511775,0.19729063583990425,-7.334800776262473e-07,0.27641049846217397,0.9681687341891323,0.08881291455436434,0.0030246871569274327,-0.23399234947872757,0.9056298610968136,-0.3324390039661702,0.18482899351110318,-0.18750228395787477,0.8056658874757296,0.1339036712311456,0.013191486138254993,0.5768867040262156,0.8587691618512747,0.02889626134636614,0.5115462161205013,0.0010007528461234358,1.0,-6.938893903907228e-18,-1.3465790982269965e-16,-6.938893903907228e-18,0.9244518679764374,0.34717190327199177,-0.06630161163380358,-0.14305421933007953,0.7049168686368626,-0.1603330530300137,-0.015795169968854286,0.690750340588356,0.771344922283766,-0.03589270193265384,-0.6354031630565613,0.0012430578192662543,1.0,0.0,-3.469446951953614e-17,6.938893903907228e-18
2.27,0.9109151990833142,-0.06425357760850343,-0.38458337891445915,-0.13490960865057686,0.8047163536384754,-0.12473341672834494,-0.08365564550361851,0.5743473669422039,0.419699510378573,0.11041094795947873,0.004096623387079126,-0.9009134038493933,1.0,0.0,0.0,0.0,0.9980547258926972,0.006546985524722743,0.010849203112034828,-0.06104257445116407,0.9840912596147164,-0.13985331610378454,-0.10744162898566359,0.02148811498485642,0.9684146848888103,-0.14485820113839917,-5.385486450612542e-07,0.20295097845135607,0.94354045803485,0.059322573724747876,0.024272197719532998,0.32499707185745724,0.8396163565164602,-0.063348688347514,-0.06332028806345867,-0.5357442101173233,1.0,0.0,0.0,0.0,0.9921031111223296,0.013171377840435594,0.02182667930402856,0.12280687186691963,0.9742169408493976,0.17759826095475223,0.1364389990426776,0.027287532100234546,0.9535912169255439,0.17492791508678285,-6.503407532151839e-07,0.24507961058690428,0.9678249752065594,0.09239253194729215,0.007114772008536595,-0.23393977307430647,0.9108702593153293,-0.3255793188676758,0.17842934560055318,-0.18021222613641763,0.808983547518697,0.13287765736582116,0.013090408643085197,0.5724664088124235,0.8600625230962616,0.028773649556643743,0.5093756378462939,0.0009965064802679238,0.9999999999999998,0.0,-4.7704895589362195e-18,-6.938893903907228e-18,0.9298044577910018,0.33031366667792167,-0.06735813597814144,-0.14771402572307887,0.723646907314933,-0.15601113040216155,-0.01536939685963537,0.6721305396753994,0.7740743334401663,-0.035705313570862277,-0.6320858547629209,0.0012365680718853973,1.0,2.7755575615628914e-17,-4.163336342344337e-17,6.938893903907228e-18
2.28,0.911125761585575,-0.06660565758493524,-0.3840012379932653,-0.13400217226755615,0.8062175595911312,-0.11953027375293704,-0.08920333797247619,0.5725107202123264,0.4171877805610459,0.1106450663299606,0.0035762853001583828,-0.9020527896031578,1.0,0.0,0.0,0.0,0.997853051542073,0.006877646783192637,0.011397151651232479,-0.06412558332785123,0.9849411516365281,-0.13609549423346465,-0.10455470063506583,0.02091073497920748,0.9754026288086052,-0.12806024955587367,-4.7609782079238716e-07,0.1794165103794042,0.944014684387382,0.058546642629466454,0.0269292616783085,0.323548112594201,0.8438600711922556,-0.06247398297503415,-0.0635917940340747,-0.5291061003524378,1.0,0.0,0.0,0.0,0.9935359329419198,0.01192098794149185,0.019754621265767908,0.11114852647864423,0.9758517131498328,0.17194691416191613,0.13209737939216745,0.026419216688867125,0.9637372724587149,0.15502941482018417,-5.763628198734994e-07,0.21720117452264304,0.9672073665874887,0.0977838182429639,0.0125812212140069,-0.23407252675503387,0.915186628600909,-0.3202180184598386,0.1726163317953582,-0.17348618815707195,0.8122665763755146,0.13185029546828597,0.012989198346864787,0.5680403059769896,0.8606798270842693,0.02871487869505225,0.5083352260260623,0.0009944710921496666,0.9999999999999999,-6.938893903907228e-18,-1.209969624493823e-16,0.0,0.9347421491938366,0.3132701231751095,-0.06837283811062708,-0.15311466113680017,0.7430297393120789,-0.1512840344802662,-0.014903708206332994,0.6517651623789801,0.775733121792743,-0.03559062179699167,-0.6300554833511869,0.0012325959968215276,1.0,0.0,3.469446951953614e-18,0.0
2.29,0.9108008562095455,-0.07035181775440216,-0.384264394585016,-0.13354136857476448,0.808387969867333,-0.11176911947188753,-0.09466272285487057,0.570136407369283,0.41544329915470446,0.11080788715547488,0.0032130539866665336,-0.9028389411271944,1.0,0.0,0.0,0.0,0.9975707612756158,0.007315322417745573,0.012122436874259512,-0.06820636942502006,0.9854065512476904,-0.1339916524819958,-0.10293843445559156,0.02058748491460427,0.9808448814714119,-0.11316440342120163,-4.2071857612666075e-07,0.15854695294920923,0.9455458449166544,0.06084840377517953,0.0307968042658424,0.31826417292223447,0.8528677617378698,-0.06054714285326385,-0.06410716999720807,-0.5146269476382789,1.0,0.0,0.0,0.0,0.9954987656373357,0.009952652311973398,0.016492834149138505,0.09279622162688622,0.9775183744033408,0.16597709855748036,0.12751109762814652,0.025501969334851465,0.9716554261974379,0.1373386130969875,-5.105925890772078e-07,0.19241579481271937,0.9665681063377602,0.1042804792676153,0.019023909049297582,-0.233473271144336,0.9176850413477,-0.316935201000704,0.1700599551864514,-0.16877753077733842,0.8155154019709272,0.13082155069648815,0.012887851817137934,0.5636082454126293,0.8617052745333629,0.028616889847857437,0.5066005440406082,0.0009910774829715863,1.0,-6.938893903907228e-18,-1.1058862159352145e-16,-1.3877787807814457e-17,0.9392162839367557,0.29671407164341634,-0.0697404806857838,-0.15801834396845596,0.7634852581602366,-0.14598703603215898,-0.014381875750507617,0.6289445186440844,0.7780697464845971,-0.03542801418509493,-0.6271768649866487,0.0012269644713983792,1.0,0.0,-1.8214596497756474e-17,-6.938893903907228e-18
2.3,0.9099241294530138,-0.07575793791615633,-0.3852036587422849,-0.13385422956867737,0.8112922847581615,-0.10099368517125197,-0.10049524310120464,0.5670148237581115,0.41455898640120364,0.11089049259099246,0.00302834481699453,-0.9032358355239252,1.0,0.0,0.0,0.0,0.9971854987768751,0.007873307452009703,0.01304709035750734,-0.0734088924591838,0.9852464391908186,-0.13471925968316514,-0.10349741514431073,0.020699279955566585,0.9850902444279341,-0.09994649580411805,-3.7157751144479417e-07,0.1400282411131858,0.94803637246069,0.06659041007765862,0.03551631575906418,0.3090814538146339,0.8666312521628584,-0.05740363446015251,-0.06471044240284664,-0.4913935837690896,1.0,0.0,0.0,0.0,0.9976150927222374,0.007248346443326614,0.012011449008568688,0.06758190097469777,0.9790987764454,0.1601008507028177,0.1229966988321973,0.024599098433407823,0.9778570590566762,0.1215786409412906,-4.5200072777001887e-07,0.17033556915598258,0.9658992576288922,0.11242491006056432,0.02682914535897574,-0.2316882834092737,0.9180369364516128,-0.31589931370763474,0.17147548113105304,-0.16736775758925937,0.8184901994884513,0.12986878843204963,0.01279399068481166,0.5595035343363827,0.8636816611389646,0.028426747208871,0.5032344771875024,0.0009844923477924789,1.0000000000000002,0.0,-2.5153490401663703e-17,0.0,0.9432738070812801,0.2808899005785106,-0.07237846959274424,-0.16154487230114944,0.784805549938565,-0.14009100598251306,-0.013801029848707392,0.6035431139558707,0.7818011442052468,-0.03516576019115481,-0.6225342215437997,0.0012178819320450875,1.0,0.0,2.688821387764051e-17,6.938893903907228e-18
2.31,0.9083720458831683,-0.08303344302088823,-0.38698969139757433,-0.13492461728733615,0.8150321566949302,-0.08702995333306299,-0.10656740431734629,0.5628425704520923,0.41449480658888943,0.110896489545941,0.0030149241363614937,-0.9032645980827976,1.0,0.0,0.0,0.0,0.9967625290651032,0.008443323634496513,0.013991681011876922,-0.07872359112873589,0.9846184417202499,-0.1375348405251786,-0.10566047141379693,0.02113188696530993,0.9884078254879634,-0.08820178406200335,-3.2791344176108517e-07,0.12357352387274495,0.9512839748545445,0.07568486396360817,0.0416315666998882,0.29596860172298933,0.88394161473115,-0.05306451210924873,-0.06507595640315297,-0.4599961947661193,1.0,0.0,0.0,0.0,0.9992746864669554,0.0039989540327012435,0.006626784857341327,0.03728531983859623,0.9806219266926692,0.1542162497887829,0.11847588283906604,0.023694944105119076,0.9827249887876817,0.10751835016968159,-3.997278811077032e-07,0.15063665154563405,0.9650980843107159,0.12255714354846883,0.036621392941986894,-0.2285263831683652,0.9165897695675209,-0.31650453443471527,0.17574038209995618,-0.1697156212780207,0.8208803974644104,0.12909562829229307,0.01271782301015063,0.556172589033631,0.8664156809426864,0.028160871233340067,0.4985277143433437,0.0009752843697762512,1.0,-6.938893903907228e-18,-4.597017211338539e-17,0.0,0.9468117822379666,0.26605196929008823,-0.07640649180400803,-0.1640909706913672,0.8057935568438265,-0.13386441163631,-0.013187618489248033,0.5767175649872485,0.7864754159372762,-0.03483265860904526,-0.6166373737865966,0.0012063457560551466,0.9999999999999998,0.0,-4.2934406030425976e-17,6.938893903907228e-18
2.32,0.9060859542158195,-0.09167484614870658,-0.38985136694175176,-0.13645467324377897,0.8192632924743695,-0.0705429446360348,-0.11194996090066087,0.557941356076491,0.4149055106752466,0.11085811758317918,0.00310077106161899,-0.9030804394936536,1.0,0.0,0.0,0.0,0.9964243525002279,0.008872603341512797,0.014703053095365903,-0.08272609554499888,0.9839102791015815,-0.14064014916436396,-0.10804610965243375,0.021609009932153145,0.9910035268175692,-0.07775249645909019,-2.890654536187587e-07,0.1089337373334604,0.9549349364711314,0.0871259935296482,0.04950191259031435,0.2793884196029771,0.9030617750775352,-0.047688007605953577,-0.06479890564859737,-0.4219080304416233,1.0,0.0,0.0,0.0,0.9999911172427751,0.0004426242640965944,0.0007334857432271546,0.00412692597119349,0.9821848112899034,0.14792491715862469,0.11364259718588049,0.02272829645791921,0.986543492607406,0.09498551869978218,-3.531337680467983e-07,0.13307775332935776,0.9641113013517166,0.13392018025831587,0.04811714504922524,-0.22414175041208106,0.9141108795360395,-0.31780871046914577,0.18131798195536586,-0.1747075066601903,0.8226430019579151,0.12852104190108543,0.012661217777858239,0.5536971434662731,0.8690721983890249,0.027899289001725676,0.4938969630090176,0.0009662250953031484,1.0000000000000002,-6.938893903907228e-18,-6.071532165918825e-17,0.0,0.9497166269579929,0.25245550914067827,-0.07963349944350444,-0.16722156006459007,0.8249234672346599,-0.12777196191963489,-0.012587422353872463,0.5504699408244197,0.7908689309103355,-0.0345147982252199,-0.6110103386953953,0.001195337422486644,1.0,1.3877787807814457e-17,-1.734723475976807e-17,6.938893903907228e-18
2.33,0.903193615763553,-0.10087215822034949,-0.39367290711325004,-0.13815839585392778,0.8232520194998816,-0.05262833890481849,-0.11579363909693272,0.5532433492398938,0.41549646335759016,0.11080292244485862,0.003224146097638464,-0.9028150453979786,1.0,0.0,0.0,0.0,0.9962845744577695,0.009044046668674893,0.01498715689727001,-0.08432459336096809,0.98345102467347,-0.14261668719734388,-0.10956457537017111,0.021912700096304027,0.9930277023632399,-0.0684836358589529,-2.5460601486143597e-07,0.09594776682475709,0.9585684623106087,0.09959462106314473,0.05876801016500609,0.2603338923383006,0.9222902305095716,-0.041536108488761575,-0.06349569400164519,-0.37897728064022607,1.0,0.0,0.0,0.0,0.9995202986238344,-0.0032523380409855696,-0.005389545442311729,-0.03032404551033782,0.9838524616012889,0.14089056072063322,0.10823848711098782,0.021647485046398185,0.9895324616644965,0.08383782008975481,-3.1168925233859834e-07,0.11745947060455492,0.9629482776353449,0.1454303390720722,0.06009213461087501,-0.2190195571961865,0.9113580320926441,-0.31915319885230387,0.18702097082905408,-0.18052958060307828,0.8239607513237979,0.1280889791384431,0.012618653224610005,0.551835721290305,0.8709255688731038,0.027714849458699932,0.4906318572153334,0.0009598374732018855,1.0,-1.3877787807814457e-17,-6.591949208711867e-17,-1.3877787807814457e-17,0.9519550090390365,0.2403409054139904,-0.07931222901162721,-0.17241658933953713,0.841412797361531,-0.12215434366928354,-0.012034004119718174,0.526267995895453,0.7940245182743222,-0.034283575548766966,-0.6069170380499251,0.0011873295785384368,0.9999999999999999,-3.469446951953614e-18,-3.133344278483108e-17,0.0
2.34,0.9000194241474622,-0.11036401192865618,-0.39770248970648125,-0.1400626670799474,0.8264280798287255,-0.03402449424191913,-0.11857410112705108,0.5493624898044089,0.416392445301636,0.1107192766285994,0.0034108705203861472,-0.9024117348754153,1.0,0.0,0.0,0.0,0.9963545314001858,0.008958654830120039,0.014845651559111994,-0.08352841966502506,0.983190110590702,-0.14372709621242158,-0.11041764168811075,0.02208331168608213,0.9945979473473299,-0.06030443778889777,-2.2419768437587084e-07,0.08448844841392594,0.9617415035098874,0.11243036355388433,0.06802138023790835,0.24038674174798524,0.9400860879877386,-0.03501972279689368,-0.06092121618418457,-0.33361710328725347,1.0,0.0,0.0,0.0,0.9977705964106894,-0.007008328406565831,-0.011613708029680783,-0.06534402847241991,0.9855823260676811,0.13318815355054697,0.10232115031469202,0.020464029297603714,0.9918777466183325,0.07389444460011253,-2.7472212618673275e-07,0.10352848313630592,0.961538131675375,0.1570640498024848,0.07136905310287552,-0.21373292645980038,0.9086105604618857,-0.3205951649889727,0.1922074762371367,-0.18628439462655463,0.8249665466417606,0.12775774904775028,0.012586022176411131,0.5504087086211433,0.8722385880871567,0.027583197327151813,0.48830123911459156,0.0009552780167460043,1.0000000000000002,0.0,-4.380176776841438e-17,-1.3877787807814457e-17,0.9535363547815022,0.22994770424369748,-0.07545643697674699,-0.17944023947217708,0.855947826257011,-0.1168804988559699,-0.011514452638339782,0.5035471031527404,0.79629009382524,-0.034116028675385796,-0.6039509806740726,0.0011815269936162392,0.9999999999999999,-2.168404344971009e-18,-9.826937440865491e-17,2.168404344971009e-19
2.35,0.8969216396910321,-0.12002828629006385,-0.40104807634207834,-0.14242620266839637,0.8285342313608123,-0.01522556895970973,-0.12136253440430982,0.5464159082202528,0.41796963088459893,0.11057215043554933,0.0037385897301934756,-0.9016990685107087,1.0,0.0,0.0,0.0,0.9965770968833381,0.008681357360339065,0.014386133730525497,-0.08094296237627574,0.9829089506674346,-0.1449138182806679,-0.11132933513748883,0.02226564858711505,0.9958117628957808,-0.05311505084882023,-1.9746923849567333e-07,0.07441588709197416,0.9641581267805329,0.12530915926409752,0.07548112305227543,0.2213579030221099,0.9552580399286305,-0.028675080317068502,-0.057111658867364336,-0.2887872492717411,1.0,0.0,0.0,0.0,0.9948983419089651,-0.010594082419338693,-0.017555766928003064,-0.09877676716745687,0.9872653572494677,0.12522624644682046,0.09620445395818875,0.019240702027933182,0.993722796930532,0.06499166441356599,-2.4162368809227397e-07,0.09105540300968809,0.9598816806244073,0.16910257220857863,0.08125306805354175,-0.20839726055299296,0.9058191840082744,-0.3222897637746808,0.19673850518273178,-0.1921324403298631,0.8256088074568046,0.1275455766699286,0.01256512006853593,0.5494946229758317,0.8735070751218442,0.027455221078100757,0.48603569461488455,0.0009508458656819208,1.0,-1.3877787807814457e-17,-7.719519468096792e-17,-1.3877787807814457e-17,0.9543467059513262,0.2217671102633381,-0.07039141384137969,-0.18731460835373406,0.8693517591817286,-0.11171116101565018,-0.011005196634844543,0.4812764496203794,0.7982896639255416,-0.033967067908865486,-0.6013139503831817,0.001176368094017856,0.9999999999999999,0.0,-3.258027528318941e-17,-1.734723475976807e-18
2.36,0.8941714518266044,-0.12942915665443425,-0.40320573687568895,-0.14536382595596753,0.8295163869332172,0.0030219584996846738,-0.12474184473992837,0.5443646790038519,0.42019105146188573,0.11036517460496026,0.004198089448472525,-0.9006893940481113,1.0,0.0,0.0,0.0,0.9968877981739366,0.008278620913766771,0.01371874726801045,-0.07718794116365024,0.9824901951137707,-0.14666288597557806,-0.11267304787582617,0.022534388498270608,0.9967466658688481,-0.04682394503691334,-1.7408038993638186e-07,0.06560184639539213,0.965830250475823,0.13777191113597945,0.07948723531351147,0.20462797264783408,0.9668589613589021,-0.02319438218217456,-0.052605799032336704,-0.24875369220042032,1.0,0.0,0.0,0.0,0.9916577348115706,-0.013536196097726653,-0.022431230414976203,-0.12620835267785774,0.9887841447643599,0.11756663048521042,0.0903199912994038,0.018063821042138106,0.9951791717468654,0.05697626334355027,-2.1182431637900567e-07,0.07982556944102784,0.9581846857725476,0.18129672731611232,0.08940722530789316,-0.20253383094726363,0.9028577640014555,-0.32405139069994,0.20111850017059774,-0.19846889695077272,0.8257629814457701,0.12749456776993065,0.012560094939717142,0.5492748653252364,0.8746991848442816,0.027334233651162585,0.4838938721934108,0.0009466557557434654,1.0,-1.3877787807814457e-17,-6.245004513516506e-17,1.3877787807814457e-17,0.9542225508728512,0.21636379651282908,-0.06613786444820063,-0.19563183240591317,0.8815859914059189,-0.10669961292824581,-0.010511485248753675,0.45968558932782616,0.8000745586424812,-0.033833228169732554,-0.5989446053907852,0.0011717328750094711,1.0,6.938893903907228e-18,4.130810277169772e-17,6.938893903907228e-18
2.37,0.8919743342257703,-0.13738552206158225,-0.4042892522179356,-0.14851668576770372,0.8294204895055013,0.01925417884405784,-0.1279486509048249,0.5434335938430112,0.42227685514642394,0.11017109702722164,0.004627337060227721,-0.8997350580805417,1.0,0.0,0.0,0.0,0.9972248828337857,0.007818103833397039,0.012955610810380436,-0.07289418672378689,0.9820716101966938,-0.1483899070608737,-0.11399982341369781,0.02279974100256571,0.9974667717508572,-0.04132559598636823,-1.5363882432950504e-07,0.05789848330717412,0.9671198857929307,0.14854167057149964,0.07887905066412805,0.19076843023420537,0.9746432974290266,-0.019122116764534073,-0.04836423104374806,-0.21763659752593167,1.0,0.0,0.0,0.0,0.9897093904450935,-0.015026667029014111,-0.024901133823966186,-0.1401051579246148,0.9900406654152086,0.11082052063603232,0.08513732526255378,0.01702729800372807,0.9964849906843384,0.04866743388870941,-1.8093404697411275e-07,0.06818463330904935,0.9569505537345525,0.19204046659678256,0.09511428754764129,-0.19575333764901195,0.8996747694889582,-0.325551471955874,0.20702661398873093,-0.20430743831959416,0.8256778525622555,0.12752273660190447,0.012562869985039617,0.5493962228988136,0.8751446477564213,0.027288843356722162,0.48309033456301553,0.0009450837715409485,1.0000000000000002,-6.938893903907228e-18,8.673617379884035e-19,1.3877787807814457e-17,0.9530622479405827,0.2136855407101489,-0.060498202394530146,-0.2057931212380157,0.8914467629591757,-0.10242776988492333,-0.01009064571707632,0.44128154236838496,0.8013373640862637,-0.03373803500107346,-0.5972594148865757,0.001168436087465757,1.0,0.0,-3.8868647883605334e-17,-6.938893903907228e-18
2.38,0.8904150569434621,-0.14280952147569362,-0.4048244682657506,-0.15127331832681729,0.8285493200657734,0.03225013070357587,-0.12980429071320645,0.5437065379417356,0.42365122342630457,0.11004335481029445,0.004909019810229398,-0.899102887591845,1.0,0.0,0.0,0.0,0.9975377708130021,0.007364767237672903,0.012204373345969188,-0.06866738145723605,0.9818739185335909,-0.1491983513543092,-0.114620906804859,0.022923956462163997,0.9980238539574302,-0.03650497333569616,-1.357168857712976e-07,0.05114463660736629,0.9683950245108998,0.15640690625621134,0.07393650764335452,0.17967011163629446,0.9786675863558439,-0.016860647621276245,-0.045606744622036684,-0.19961337335759408,1.0,0.0,0.0,0.0,0.9901841299447925,-0.014677710505025005,-0.02432286765983133,-0.13685156823583539,0.9909894939918348,0.10543459246303181,0.08099961217409532,0.01619976350468394,0.9956483110994031,0.05413935872136534,-2.0127737364317166e-07,0.07585097522184711,0.9566435458618464,0.1996298058849787,0.09792630174911165,-0.1881263038199097,0.8963393236294004,-0.3264109109403618,0.21588721096501148,-0.20838533124099937,0.8258932077474175,0.12745145870108796,0.012555848060756752,0.549089141898764,0.8744720762246645,0.02735733694350099,0.48430286634092334,0.0009474558829739299,1.0,1.3877787807814457e-17,-2.5153490401663703e-17,-1.3877787807814457e-17,0.9508135644457366,0.21303888957031258,-0.05014113385420557,-0.21921191548922644,0.8981765225865423,-0.09937829191255862,-0.009790227169686957,0.428143715150479,0.8022570068708071,-0.03366844603989295,-0.5960274918585766,0.0011660260403622072,1.0,0.0,-1.235990476633475e-17,0.0
2.39,0.8894336187576446,-0.14548973726870465,-0.40518567536659794,-0.15350942202639595,0.8274185715251727,0.04229821855970809,-0.13005642551284594,0.5446785238879345,0.42500088016967796,0.10991801618669092,0.005184750857679013,-0.8984794933281032,1.0,0.0,0.0,0.0,0.99779502579792,0.006969867275888886,0.01154997295388785,-0.06498542581109373,0.9819663395564213,-0.14882096985418677,-0.11433098530530639,0.022865972731111295,0.9984575432462065,-0.032254932989314866,-1.1991623760643222e-07,0.045190193987084515,0.9698803430350119,0.16108201220945167,0.06574961251290302,0.17047490721876013,0.9802208755097706,-0.015954148667832617,-0.044407767082876415,-0.1921989869324397,1.0,0.0,0.0,0.0,0.9926008610460565,-0.012751111299086612,-0.02113024320361701,-0.1188884041167229,0.9916157977798128,0.10172031649301491,0.0781461377493289,0.015629074218560884,0.9912180620033009,0.07682397550941408,-2.8561343163799324e-07,0.10763284974982062,0.9572916309085787,0.20368790827833091,0.09844996722373023,-0.18003214537198156,0.8930357698080977,-0.3263122165601737,0.2273954447626539,-0.21047271288231043,0.8269206739093508,0.12711058274570505,0.012522266752649572,0.547620572705891,0.8733562567850347,0.027470477960580053,0.4863057849358608,0.0009513742512880091,1.0,0.0,-5.551115123125783e-17,-1.3877787807814457e-17,0.9475716899728522,0.21340093210107286,-0.034782773362685926,-0.2352830066485602,0.902659831735562,-0.09728052101300641,-0.009583565802688918,0.4191060530093436,0.8039199928732981,-0.03354203841001099,-0.593789716390679,0.0011616482146683711,1.0,2.7755575615628914e-17,5.941427905220564e-17,2.0816681711721685e-17
2.4,0.8889151533226789,-0.146074262712849,-0.40541331347508525,-0.15534543837322057,0.826764080383557,0.05057391415342344,-0.12915202334054388,0.5451817948737623,0.427422661419691,0.10969337677845034,0.005677326444477493,-0.8973544447765844,1.0,0.0,0.0,0.0,0.998037289884378,0.006576232560410233,0.010897669238834395,-0.061315267028026865,0.9824145866840526,-0.14697639184724148,-0.1129138972349008,0.02258255789751268,0.9987977842148238,-0.0284785468582833,-1.0587652414517645e-07,0.03989935608988654,0.9716066239594526,0.16308387894205187,0.05573845792108017,0.1621031801535958,0.9811312326179401,-0.015413281190404235,-0.043664505217179975,-0.1877161317753115,1.0,0.0,0.0,0.0,0.9957820392824798,-0.009635075195760318,-0.0159665677285821,-0.08983520625771843,0.9919664350602689,0.09957933270231674,0.07650133737910525,0.015300117371795097,0.9859954709116231,0.09688701245441052,-3.6020307355236203e-07,0.1357418069693189,0.958532705941357,0.20513090604745124,0.09806544640361378,-0.1718124886221941,0.8904347344956629,-0.3247180526533264,0.23907506715061605,-0.2110148860900528,0.8290814603620063,0.12638932003960893,0.012451211740475282,0.5445132130537532,0.8716205566318856,0.027645268124488608,0.48940006920643625,0.000957427690240209,1.0,-6.938893903907228e-18,-1.9081958235744878e-17,-1.3877787807814457e-17,0.9438486103327952,0.21407071932982025,-0.016792338972225665,-0.251080754440293,0.9069465931143331,-0.09522142379918949,-0.009380714364011805,0.41023500568086646,0.8054301977002152,-0.03342660188453104,-0.5917461607519898,0.0011576503469154474,1.0,2.7755575615628914e-17,-6.071532165918825e-17,0.0
2.41,0.8888808262869429,-0.1453585238893302,-0.40529410571519936,-0.15651985198265936,0.8273409777612604,0.05770357628127737,-0.12768005245464797,0.5439439382938014,0.4315276798498777,0.10931337395650723,0.006505917165249217,-0.8954284565723079,1.0,0.0,0.0,0.0,0.9983490652269554,0.006031813728419294,0.009995496710121565,-0.05623923211716181,0.983328431446832,-0.14313953410421576,-0.1099662499600159,0.021993034226143404,0.9990668069775053,-0.025092363951658064,-9.328749422943261e-08,0.03515520540518857,0.9733982056337968,0.16301225090927185,0.04520765373218953,0.15452898552190153,0.9817375264851848,-0.015048932211559868,-0.043151505310874444,-0.1846697222596294,1.0,0.0,0.0,0.0,0.9985184714126237,-0.00571421253233434,-0.009469190386098489,-0.05327799223285509,0.9921169792772457,0.0986456188932687,0.07578401629266007,0.015156654561968824,0.9827712961899983,0.10737540047703484,-3.991964277923199e-07,0.15043637444869384,0.9599259971829411,0.20504997342041265,0.09795268473149907,-0.1640178645346777,0.8895610055625978,-0.32101069616890116,0.24793453952899883,-0.21014712569093402,0.8326588491690061,0.12518187626332666,0.012332260723739857,0.5393112775579438,0.8680854365967099,0.027996832471143207,0.49562376053793217,0.0009696032798880289,1.0,0.0,-1.222980050563649e-16,-2.7755575615628914e-17,0.9406404050774397,0.21459799374839467,0.0009439388219766864,-0.2629494978021717,0.912875378622095,-0.09228116259377825,-0.00909105527866027,0.3975677085099183,0.8043026996772012,-0.033512843288542746,-0.5932728794982783,0.0011606371115172875,1.0000000000000002,5.551115123125783e-17,-5.0306980803327406e-17,1.3877787807814457e-17
2.42,0.8896162199009573,-0.1432532220137441,-0.404438073748357,-0.15649709318236862,0.8293652800949861,0.06317872021978782,-0.12576285335714843,0.540689731916395,0.4375361231853021,0.10875889596919433,0.007704576477344266,-0.8925661224563941,1.0,0.0,0.0,0.0,0.9987762353596077,0.005193717540415338,0.008606662759482714,-0.048425017657656555,0.9847903347449607,-0.13677010973590856,-0.10507297070931833,0.021014387977155047,0.9992787977937785,-0.022060095393403117,-8.201423454257117e-08,0.030906900055620246,0.9752066093594254,0.1606512277263346,0.03336336258702574,0.14849288915164027,0.9816632456613011,-0.015093752998804385,-0.043215159501572765,-0.1850456720039265,1.0,0.0,0.0,0.0,0.9999211407173312,-0.0013188036328349861,-0.002185428457644565,-0.012296219174427525,0.991982834630956,0.09947805056681523,0.0764235278717687,0.01528455562299863,0.9819332941651859,0.10993252063593313,-4.0870319782150555e-07,0.15401898167553824,0.9613751492185626,0.2032362067354084,0.09787979799416036,-0.15770989785492695,0.8910374079966468,-0.31505609917374405,0.2532035688360897,-0.20659125018429292,0.83815282347711,0.12329419753316058,0.012146296533411698,0.5311787390629682,0.8624663218243558,0.02854387310907263,0.5053079395755841,0.0009885487229953915,1.0,0.0,2.6020852139652106e-17,0.0,0.938600410355522,0.21497271671466545,0.018013717195552822,-0.26924246830981285,0.9203556053808508,-0.08840314249067235,-0.008709013113844019,0.38086033809311814,0.8000691209950539,-0.03383363716876915,-0.5989518458398878,0.0011717470397122898,0.9999999999999999,2.7755575615628914e-17,-4.85722573273506e-17,1.3877787807814457e-17
2.43,0.8913622317822351,-0.13926056414373988,-0.4026033293480625,-0.15488843153836845,0.8325067541476164,0.06630861628654262,-0.12306981430413813,0.5360872060699725,0.4452796170832584,0.10804726009956586,0.009225233591760418,-0.8888007354071784,1.0,0.0,0.0,0.0,0.9992584646821984,0.004043409060964481,0.006700452597885209,-0.037699808210723884,0.9866012864991536,-0.12842836564810034,-0.09866446643966956,0.019732699697414646,0.9994435086072054,-0.01937875970482525,-7.204566046525862e-08,0.027150262894058863,0.9769490704463291,0.15543698675187895,0.019149482432615304,0.1450625872722281,0.9805498120633074,-0.01575956109066925,-0.04414283228592105,-0.19059148106518015,1.0,0.0,0.0,0.0,0.9995425982534625,0.003175861304226854,0.005262813582693504,0.029610994155672726,0.9914340233837304,0.10281238949345248,0.07898511751332112,0.015796868525188884,0.9831759396642201,0.10611779410874514,-3.9452094382792097e-07,0.14867442765558697,0.9629964699388145,0.19890317981968772,0.09722138611511698,-0.1536988159513734,0.8948068163508675,-0.30705151967146443,0.25557263315295586,-0.19930568196299317,0.8458076194756967,0.12059351132603889,0.011880239118126038,0.5195435841018613,0.8564441331922892,0.029114918186037543,0.5154170656266731,0.0010083255023921461,1.0,0.0,2.3418766925686896e-17,1.3877787807814457e-17,0.9379932884046744,0.2155626165364775,0.03351613815772862,-0.2694030767135467,0.9285719875332128,-0.08389797465704402,-0.008265187649751815,0.36145107620559025,0.7953074229620216,-0.034188859941938404,-0.6052403017517606,0.0011840493302055569,1.0,5.551115123125783e-17,-5.0306980803327406e-17,2.7755575615628914e-17
2.44,0.8940688395775451,-0.13312569020966078,-0.3998985086192818,-0.1516563335529957,0.8363117029101484,0.06687766039194969,-0.11946000130539017,0.5308855076230119,0.45455578190933277,0.10719899775357178,0.011012275690641476,-0.8841754044291992,1.0,0.0,0.0,0.0,0.9996678093572697,0.0027065740475730182,0.00448514380687054,-0.025235468626388924,0.9883163105495743,-0.11997942860216587,-0.09217361170198936,0.018434541485648437,0.9995689232480837,-0.017056411798662102,-6.341171836232729e-08,0.02389657911118498,0.9783588915586825,0.1470862651790642,0.004509163010464513,0.14546194468892992,0.9780850032342252,-0.017195574682367466,-0.04603556660599635,-0.20232341749514243,1.0,0.0,0.0,0.0,0.9974623234475252,0.007476609868884078,0.012389711073998817,0.0697101762086135,0.9904727286479501,0.10840178472559797,0.08327914317904611,0.016655665232983896,0.9854257713522533,0.09882385686488043,-3.6740380447188026e-07,0.13845538801011437,0.9648191780944142,0.19162482653525154,0.09615638133666657,-0.1521769685753775,0.9003555521911928,-0.2972205401292107,0.2557560425734946,-0.18870261484923143,0.8553500294103612,0.11710390280875377,0.01153646122196783,0.5045095769131904,0.8526891543818553,0.029463395791403554,0.5215861128363103,0.0010203941901437558,0.9999999999999998,0.0,6.071532165918825e-18,1.3877787807814457e-17,0.939179219522452,0.21642907254936256,0.0446945921254345,-0.2628749581214638,0.9372042656898809,-0.07884098595853509,-0.007766999693407051,0.3396644476855643,0.7935901918552893,-0.034315547645234076,-0.6074830353176401,0.0011884368555717048,1.0000000000000002,-2.7755575615628914e-17,-6.938893903907228e-17,0.0
2.45,0.8973574037202403,-0.12574379357278315,-0.39668531206233604,-0.1468977588678667,0.8411629111152585,0.06585092808024726,-0.1153703619175475,0.5242120676082229,0.4657782499726013,0.10617856041170895,0.013125928806953971,-0.8784101804705551,1.0,0.0,0.0,0.0,0.9999168882056619,0.001353893774412529,0.0022435773678211035,-0.012623391515294735,0.9896100354592625,-0.11317879436820003,-0.08694905757207001,0.01738964091081363,0.9996644061584081,-0.015049696162217047,-5.5951222766026376e-08,0.021085106245378682,0.9792744158452251,0.13678768349107948,-0.007923887309851272,0.1491575010719804,0.9743170880715009,-0.01930035423557289,-0.04856841010432605,-0.21903154512122336,1.0,0.0,0.0,0.0,0.9943245316541957,0.011172389208535596,0.01851409619165785,0.10416876553095741,0.9893640201061946,0.11450380865823305,0.08796699334732738,0.017593226068563256,0.9872057328100697,0.09263418957407638,-3.443920805988452e-07,0.12978346592986675,0.9665580178572349,0.18240498780484857,0.09559669735719489,-0.15282437630889606,0.9071582159881332,-0.28576950164926246,0.2534264896042848,-0.17656380563187155,0.8660613579893167,0.11300955695767177,0.011133107781071228,0.4868702272115916,0.8502086599182923,0.029690524294019797,0.5256069349313822,0.0010282602421809103,1.0000000000000002,1.3877787807814457e-17,2.949029909160572e-17,0.0,0.9424887124043182,0.21711111026690028,0.05144851998392655,-0.24885908177237134,0.9464697403781127,-0.07296637484918242,-0.007188263873065634,0.31435532054101983,0.7928681576491341,-0.0343685943349849,-0.6084221129752831,0.0011902740006995705,1.0,0.0,2.7755575615628914e-17,-1.3877787807814457e-17
2.46,0.9007963832786389,-0.11865241988622059,-0.3933259436306453,-0.1406491421741703,0.8479660256049756,0.06468094272233654,-0.11134470746163364,0.5141715192312147,0.4798414606488377,0.104907950719346,0.015703689867093362,-0.8709189908612713,1.0,0.0,0.0,0.0,0.99999957629002,9.667108358210608e-05,0.0001601965082834722,-0.0009013387603429845,0.9904234550823114,-0.10868039660356249,-0.08349318539740193,0.016698473256680613,0.99973871835888,-0.013279546925431651,-4.937022513029632e-08,0.01860507048083615,0.9798360119190437,0.12635134478002813,-0.01706778814756487,0.1538356851533856,0.9696439331603564,-0.021778753909199373,-0.051227274689161835,-0.23810101866938366,1.0,0.0,0.0,0.0,0.9909832285835969,0.014070405668604687,0.023316484875515735,0.13118919880615695,0.9884824237344245,0.11912844580859197,0.09151984831526708,0.018303790091059577,0.9881956421002247,0.08900059819714241,-3.308832443190378e-07,0.12469268805574005,0.9677844810160438,0.173136584636281,0.09624057678342417,-0.15541773626386643,0.914691351438936,-0.27311583470238904,0.2481247721389191,-0.16486834107444515,0.8772006437639562,0.10853071372960847,0.010691875678805491,0.4675743775613798,0.8455968704769302,0.030106525013423067,0.5329713337843466,0.001042667431365031,1.0,-2.0816681711721685e-17,-1.0321604682062002e-16,-1.3877787807814457e-17,0.9475758260185851,0.2168504455439936,0.0568565095685888,-0.22769118457297455,0.9560763582500071,-0.06625846023421202,-0.006527435369661702,0.28545613713894885,0.7877665402533898,-0.03473973396153268,-0.6149923425747877,0.0012031275333114488,0.9999999999999999,2.7755575615628914e-17,-1.0061396160665481e-16,-1.3877787807814457e-17
2.47,0.9042330297642672,-0.11294112196783894,-0.38985489878501584,-0.13274068232951214,0.8572178232446591,0.06394710065218753,-0.10786636131510124,0.49945292063067087,0.4970811051044738,0.1033607178095643,0.01876288751176522,-0.8613215955810158,1.0,0.0,0.0,0.0,0.999947274800766,-0.0010783647324749956,-0.0017869900532538063,0.01005442263756956,0.9909327700959649,-0.10576443666050331,-0.0812530133724016,0.016250443247144197,0.9997990608394784,-0.011645755137840053,-4.329617248055584e-08,0.016316075869059254,0.9804029273816717,0.1167604612532609,-0.023358320828609253,0.15694420510946613,0.9646046351207942,-0.02430974212236069,-0.053625939493959794,-0.2570431733285558,1.0,0.0,0.0,0.0,0.9877794966063531,0.01636725841565464,0.027122667412055684,0.1526045210618285,0.9879798815306108,0.12168426290907747,0.09348334235542118,0.018696485046499477,0.98902196340887,0.08584683910944227,-3.191583114610895e-07,0.12027417058404317,0.968207512745118,0.165194270627848,0.09778772041107887,-0.16038275141813074,0.9222533838148844,-0.26020530466239805,0.2408163253435311,-0.15410838041969827,0.8884345351213292,0.10375645465645081,0.010221540759643512,0.4470058109525761,0.8376542035205518,0.030804671314494936,0.5453305138987234,0.0010668460574313823,1.0,-6.938893903907228e-18,-4.7704895589362195e-17,-2.7755575615628914e-17,0.9532870037049287,0.21485644483410854,0.06484897925616541,-0.2021761770584261,0.9646208731971652,-0.05959532584335596,-0.0058710183786549325,0.25674987687077977,0.7763811662686871,-0.03554564735915808,-0.6292593075684403,0.0012310384148173856,1.0,2.7755575615628914e-17,3.469446951953614e-17,4.163336342344337e-17
2.48,0.9076603710242003,-0.10835424040831641,-0.386226111211403,-0.12345606698848394,0.867989251545928,0.06335907777366123,-0.10475670195806681,0.4812549426855584,0.5168418289212825,0.10159726491897933,0.022143437377813477,-0.8497424243965823,1.0,0.0,0.0,0.0,0.9997627292160539,-0.0022874871104936467,-0.003790662463540012,0.02132799923279155,0.9913803152403879,-0.1031328087571188,-0.07923127805213265,0.015846100149957132,0.9998492427107422,-0.01008741693448223,-3.750263835589074e-08,0.014132794144972205,0.9811345190890979,0.10788125630882545,-0.02756336406580264,0.15804097870618944,0.9595353379215062,-0.026726284752828355,-0.05565072538293743,-0.2747373977956478,1.0,0.0,0.0,0.0,0.9847945167623748,0.018243374657657338,0.030231635057457178,0.17009699373479034,0.9878061445520603,0.12255515533905287,0.09415240122334546,0.01883029550731729,0.9899206324570522,0.08227666906082315,-3.058852608957621e-07,0.11527224802176643,0.967955911994094,0.15827563985875823,0.09932266321745956,-0.16776526110721932,0.9291792204359449,-0.24783107672511365,0.2337034837881196,-0.1434866383487208,0.8996236280824871,0.09870719152551917,0.009724113885625205,0.4252524658905424,0.8293714581253232,0.031509459111584384,0.557807267429136,0.0010912546958153357,1.0,-6.938893903907228e-18,2.688821387764051e-17,1.3877787807814457e-17,0.9586673381277009,0.21089063419656717,0.07498237340911573,-0.17566934534304493,0.9712079531249392,-0.05385199025155715,-0.005305215132560409,0.2320063137615206,0.763383631215671,-0.03643006567054727,-0.6449160333723729,0.0012616681261034476,1.0,-5.551115123125783e-17,1.0061396160665481e-16,0.0
2.49,0.9110578593777177,-0.10358882057203192,-0.38248547420306733,-0.11378837876620264,0.8783597091067514,0.062220843466736765,-0.10116465519542059,0.46301025970855386,0.5378492095619759,0.09972773648158335,0.025602768362739448,-0.8367300069926867,1.0,0.0,0.0,0.0,0.9993906483689385,-0.003665473678850284,-0.006074164711911134,0.03417602637046857,0.9919350210234352,-0.0997730509404022,-0.07665016047207139,0.015329881698380954,0.9998887432236194,-0.008665793516769466,-3.221737749498077e-08,0.012141054213461344,0.9818728746003166,0.09894058180452359,-0.03004951890704855,0.15885038813219265,0.9545083699191955,-0.029008729850240292,-0.05734724303514386,-0.2911761649980028,1.0,0.0,0.0,0.0,0.9822389235534403,0.019704250937777196,0.03265249629576646,0.18371786531857642,0.9878564625350267,0.12230357974857742,0.09395912950118158,0.018791641542104866,0.9907160396437287,0.07897933616855354,-2.9362655443437163e-07,0.11065257905234029,0.9674740397618974,0.15095259182848902,0.09996275475480575,-0.1766769511534732,0.935027087689712,-0.2363089328779346,0.22910475311313028,-0.13188421296561262,0.9105589115265857,0.09344326861069262,0.009205539857554547,0.4025743188863395,0.8254756944947378,0.03183318884476499,0.5635382067388695,0.0011024663002499532,1.0,-2.7755575615628914e-17,-1.8908485888147197e-16,-6.938893903907228e-18,0.9634454441314603,0.2056949197278512,0.08300480845580818,-0.15024206452821678,0.9759762003111543,-0.04925053704142497,-0.004851904139073895,0.21218223312416643,0.756463812517042,-0.03688633564625937,-0.6529933128794763,0.0012774699445921023,1.0,5.551115123125783e-17,-7.979727989493313e-17,0.0
2.5,0.9142812401651391,-0.09784216472889266,-0.3787729742024672,-0.1051083188766541,0.8870413565117936,0.0604362884951804,-0.09679578819939148,0.44736524480283757,0.5591487368689004,0.09782861034699786,0.028982231149675852,-0.8227650231585414,1.0,0.0,0.0,0.0,0.9987572786938531,-0.0052337646472711,-0.008673026003251552,0.048798407593004134,0.99261757814977,-0.0954740744580033,-0.07334749272626531,0.01466935462941682,0.999918080356194,-0.007436050210708978,-2.764548186207083e-08,0.01041814446276984,0.9823456006697657,0.08983687116290553,-0.0308849824978318,0.1611600920840059,0.9495784942245894,-0.03114773300431898,-0.05876125389106845,-0.3063945447882559,1.0,0.0,0.0,0.0,0.9802262085086779,0.020780197232375786,0.03443547868417427,0.19374973900234646,0.9881196435512282,0.12097901464808776,0.09294153881360333,0.01858812540121389,0.99128354925917,0.07653825837826202,-2.84551202568966e-07,0.10723255089982847,0.9670916520314418,0.14273779620762017,0.09964815224634133,-0.18555296779835784,0.9396422334436332,-0.22589043407559217,0.22767333227556238,-0.11920922234769754,0.9207809127560321,0.08817654938865901,0.00868669035199015,0.37988412477070743,0.8259923030249914,0.03179053669188291,0.5627831420211652,0.0011009891450263053,0.9999999999999999,0.0,-2.862293735361732e-17,-6.938893903907228e-18,0.9677729011789187,0.19977862242059063,0.08741785232809995,-0.12594535665046358,0.9797010427568575,-0.045314369027586635,-0.0044641335476106325,0.19522434861570626,0.7562604671156866,-0.03689959580999283,-0.6532280555855186,0.0012779291786235714,1.0000000000000002,0.0,-4.85722573273506e-17,-2.7755575615628914e-17
2.51,0.9171657752120059,-0.09107671313735446,-0.37525980191094155,-0.0984482309318824,0.893629342713008,0.058334163103275063,-0.09202019973969079,0.43538030053876525,0.5802970211700098,0.09592833472479544,0.032222519387227644,-0.8080933306632847,1.0,0.0,0.0,0.0,0.997850659830522,-0.006881472464663113,-0.011403491301008581,0.06416125309451082,0.9933215562535382,-0.09082394607519498,-0.06977505424314313,0.013954873942309098,0.9999390356112365,-0.006414882016492762,-2.3849019210875344e-08,0.00898745512277449,0.9823099862657763,0.08095290869170378,-0.03046285069467771,0.16608953062862453,0.9446192096870786,-0.03320893215223046,-0.05997288412724299,-0.32092829212290985,1.0,0.0,0.0,0.0,0.9785647544617402,0.021626520617093747,0.0358379461655208,0.20164066193570587,0.9885666672723374,0.11869448708986172,0.09118646164306057,0.01823711341075952,0.9917498660480886,0.07447149647842266,-2.768674690319453e-07,0.10433695129620214,0.9669269827666944,0.13410653585375762,0.09890246328191253,-0.1930957011322918,0.9430926285670723,-0.2168232346481343,0.22854021896976476,-0.10645819448225902,0.9298385338266238,0.0831781164649243,0.008194271002914796,0.358349767511063,0.8279090400848981,0.0316315503090093,0.5599686297353428,0.0010954830322026385,0.9999999999999999,-1.734723475976807e-17,-1.0928757898653885e-16,-6.938893903907228e-18,0.9717959037634184,0.1930445184033528,0.08862830403941341,-0.10242831183884407,0.9829213777772393,-0.0415985727582827,-0.004098072822550397,0.179215874442273,0.7573225233554556,-0.03683024703992509,-0.6520003846250613,0.0012755274499643282,0.9999999999999999,2.7755575615628914e-17,-3.122502256758253e-17,0.0
2.52,0.919623732908275,-0.08374490562303846,-0.37206298786394537,-0.09406441258941507,0.8983191859342167,0.05624565152669403,-0.08741563133284257,0.4268695049608303,0.6009215105488004,0.09404864432671822,0.0352821645485383,-0.7929712223812566,1.0,0.0,0.0,0.0,0.996771767624535,-0.008431287451768271,-0.013971735497927185,0.07861136855278522,0.9939097000045,-0.08674533630493855,-0.06664168215071459,0.013328205671843452,0.9999537024075963,-0.00559025163478688,-2.078323773496704e-08,0.007832121551649862,0.9816647397494435,0.07268518190495685,-0.029464481555509184,0.17373268947082335,0.9394501455056604,-0.035268448269237467,-0.06104325683092122,-0.3353554553925539,1.0,0.0,0.0,0.0,0.9770120381983632,0.022387323675866558,0.037098695388459314,0.20873421318649774,0.9890709034852695,0.11606233724815554,0.08916432534621785,0.01783269011904447,0.9922435340600725,0.07221798063788369,-2.684894282673281e-07,0.10117970344141164,0.9669192379990432,0.12580094447448562,0.09830076684550236,-0.1989428782195105,0.9455497629556862,-0.2093157022479554,0.2304320009696082,-0.09499302867070405,0.9375119865143369,0.0786538209204082,0.007748561177245941,0.3388580992041429,0.8292866314924152,0.03151655975236836,0.5579329690166714,0.0010915006095128799,1.0,-3.469446951953614e-17,8.239936510889834e-18,-2.7755575615628914e-17,0.9755359616499375,0.18520071867126897,0.08673893715843858,-0.08066373480072347,0.9855168381629108,-0.03833255308751096,-0.0037763217247788264,0.16514513757723298,0.7537886400208927,-0.037060120647778985,-0.656069802909805,0.0012834885721508052,1.0,0.0,-1.734723475976807e-16,-5.551115123125783e-17
2.53,0.9216683722984574,-0.07600185419101688,-0.36924011369158566,-0.09172168830360887,0.9014426087653382,0.05442957767857144,-0.0828510966712088,0.4213957047199839,0.6200700570619302,0.09226773465307352,0.03804125183834085,-0.7781726367816955,1.0,0.0,0.0,0.0,0.995686522731256,-0.009743325402528119,-0.016145952343945807,0.09084450607685313,0.994321660615946,-0.08376880600864542,-0.0643549772468308,0.012870869177832922,0.9999641906985899,-0.004916445358763205,-1.8278184937825515e-08,0.0068880973822827984,0.980424507975188,0.06505790730236122,-0.028052523851039696,0.18370712769142877,0.9340057004474254,-0.03734713484386362,-0.06198768662116835,-0.3498514967211433,1.0,0.0,0.0,0.0,0.9754460488497497,0.023128132589051345,0.03832631172211368,0.21564134366149376,0.9895399337014679,0.11355796420067195,0.08724035294924051,0.017447899414694178,0.9927830010679535,0.06967075359279806,-2.590194386679727e-07,0.09761095678381666,0.9671354746031402,0.11755780589572547,0.09784167131910651,-0.20311608353506969,0.9473109518715633,-0.20308026801976858,0.23256929503694174,-0.08527536696626722,0.943751612404942,0.07474371655400765,0.007363358239385727,0.3220125026675287,0.8305396924550023,0.03141143153570984,0.5560718998356257,0.0010878597453620464,1.0000000000000002,1.3877787807814457e-17,2.7321894746634712e-17,6.938893903907228e-18,0.9789461699660527,0.17696538120793726,0.08081373240333284,-0.06178018143197786,0.9873010657305422,-0.03590994476764449,-0.0035376590818796266,0.15470800380827354,0.7447800269013897,-0.03763499206392888,-0.6662466660742941,0.0013033978676465705,0.9999999999999999,2.7755575615628914e-17,-5.204170427930421e-17,1.3877787807814457e-17
2.54,0.9233899252738016,-0.06770047817781563,-0.3667303792370387,-0.09097538184583794,0.9033096081507417,0.05298069571513065,-0.077653883995544,0.41856262614392686,0.6367676656317298,0.09067643102552621,0.040387045747997286,-0.7646395303658711,1.0,0.0,0.0,0.0,0.9947233210895855,-0.010773801124772803,-0.017853584103697723,0.10045242269094978,0.9945801434534789,-0.08184528977949668,-0.0628772452716613,0.01257532568227121,0.9999721962895325,-0.004332170496780585,-1.6105988660808368e-08,0.0060695095909669705,0.9786780192716843,0.057805617309956175,-0.026028845130205515,0.19537232256145026,0.9284300402873857,-0.03938678080489322,-0.06278658290648248,-0.36403871606838484,1.0,0.0,0.0,0.0,0.9739318955994652,0.023821444675209302,0.03947521966063764,0.22210562473823842,0.9899697721434519,0.11121226566015491,0.08543828146946657,0.01708748865460152,0.9932732536667936,0.06727103779404864,-2.500978610394007e-07,0.09424887810595108,0.9677160914266507,0.10855237951646013,0.09699787235537287,-0.20575072309416415,0.9486903597453402,-0.19750829032835251,0.23467793137575302,-0.07683322915916921,0.9485570217652644,0.07156799958062729,0.007050503288896344,0.30833080984425243,0.8327643251663499,0.031223525170511142,0.5527454214047248,0.001081352058172936,0.9999999999999998,1.214306433183765e-17,-6.375108774214766e-17,2.42861286636753e-17,0.9818443734867984,0.16978708237616086,0.0709429009925547,-0.04605515942071592,0.9882245067916974,-0.03458768788047287,-0.0034073972807059233,0.1490114279750413,0.7340399448962167,-0.038300276994675295,-0.6780241062381275,0.001326438418808043,0.9999999999999999,-2.7755575615628914e-17,-2.7755575615628914e-17,-1.3877787807814457e-17
2.55,0.9248997384379466,-0.05895637953079427,-0.3643057548359521,-0.09146549154433053,0.904224277306199,0.05191263909458429,-0.07173192310702013,0.41777753103737597,0.650977068698449,0.08928662374082692,0.0423409168042482,-0.7526380282804706,1.0,0.0,0.0,0.0,0.9939205092448768,-0.011562049103707728,-0.019159813114564064,0.10780186401144934,0.9947341184820246,-0.08067743811320557,-0.061980048916682864,0.01239588817167342,0.9999786247896256,-0.0037984818757725858,-1.4121860271443243e-08,0.0053217947431312695,0.9765176803624559,0.050890536548212,-0.023590556584757987,0.20800687216864955,0.9229342295466294,-0.04131520533295175,-0.06342898895164728,-0.37744168436996656,1.0,0.0,0.0,0.0,0.9724977865451859,0.024459038156122007,0.04053179465247317,0.22805039846367595,0.9904092693867531,0.10876047315455561,0.083554703817715,0.016710776820037472,0.9936684608775175,0.06527145580728029,-2.4266388660466875e-07,0.09144739971177566,0.9686397738440211,0.09878655026262792,0.09538567777771163,-0.20707433083194826,0.9499753549951262,-0.1922342516117741,0.23621206175311063,-0.06925806300706056,0.9518545100908951,0.06929482354367886,0.0068265619293689205,0.2985374634813818,0.8350769631712477,0.03102644107576755,0.5492564709929341,0.0010745265222887254,1.0,-1.3877787807814457e-17,-3.599551212651875e-17,-6.938893903907228e-18,0.9839949621711668,0.1643011821393568,0.060853234178019605,-0.03249492051765948,0.988352268910854,-0.03440064608125398,-0.0033889709053946393,0.14820561043415925,0.7254234292793281,-0.03881894630452325,-0.687206031875158,0.0013444012888763832,0.9999999999999998,2.7755575615628914e-17,-2.949029909160572e-17,1.3877787807814457e-17
2.56,0.9262866939814995,-0.050172917415716736,-0.3617377149670569,-0.09285184156079904,0.9044734030100661,0.051246859922664555,-0.06529533987983564,0.41837559821939213,0.6632090070088991,0.08805872402900297,0.04399226168074438,-0.7419327159903834,1.0,0.0,0.0,0.0,0.9932582708854354,-0.012173479385929803,-0.0201730322969845,0.11350269814088287,0.994817707135216,-0.08003623168927967,-0.06148744520429357,0.01229736839573814,0.9999837691265836,-0.0033099875753522245,-1.2305753634839212e-08,0.0046373985856538735,0.974018072787327,0.044434551260038375,-0.021066961103353488,0.2210668398648931,0.9175343225779687,-0.04313597219595176,-0.06393712148773667,-0.3901052413002937,1.0,0.0,0.0,0.0,0.9711413836784263,0.025046320182348578,0.04150499704653969,0.23352607985542348,0.9908524187462546,0.10622988728784213,0.08161059355002549,0.01632195858105738,0.993969939391663,0.06370335780687435,-2.3683406778817265e-07,0.08925044419949546,0.96971426786617,0.08893103604911455,0.09305882344744541,-0.20757062630002818,0.9512927038709024,-0.18742743837875742,0.23657413228391883,-0.06281581678905179,0.9537496070904513,0.06795030835989321,0.006694107357761495,0.2927449939713534,0.8366105730003327,0.030894749192059798,0.5469251491656225,0.001069965689111961,1.0,-1.3877787807814457e-17,-7.676151381197371e-17,0.0,0.9854543012628252,0.16024409541792356,0.05276557220785702,-0.020431456038803475,0.9875458498644973,-0.035564351441653555,-0.003503613043206018,0.1532191111369126,0.7208759840323834,-0.03908746886870727,-0.6919596468845461,0.001353700925155868,0.9999999999999999,-2.7755575615628914e-17,-7.112366251504909e-17,-1.3877787807814457e-17
2.57,0.9275594332335626,-0.041792750225083206,-0.3590428105974643,-0.09473713108559566,0.9043496067284423,0.0508365878561498,-0.05857195000067042,0.41968649825598986,0.6740529434093327,0.08694194452053088,0.04543257278273005,-0.7321404299002657,1.0,0.0,0.0,0.0,0.9927115523060281,-0.01265572496099951,-0.020972175685045183,0.11799904402537767,0.9948466805131795,-0.07981276275984336,-0.06131576628758843,0.012263032949250102,0.9999875034952883,-0.002904357695818219,-1.0797717234223292e-08,0.004069098135326632,0.9712492356374823,0.03845499119814359,-0.018751736882131338,0.23418904391422862,0.911919940609324,-0.0449562181578128,-0.06435121331328943,-0.40279012117123947,1.0,0.0,0.0,0.0,0.9697507355667664,0.025633643078600596,0.042478267167532766,0.23900214230980854,0.991242118625039,0.10395266157250475,0.07986112598472074,0.01597206850064397,0.9942262807491956,0.062338626808528204,-2.3176031961093246e-07,0.08733841236932922,0.9707408649365167,0.07991473397787599,0.090546515714365,-0.20755032384348865,0.952619814227462,-0.18365034344631856,0.23538007900498015,-0.058174386983402354,0.9545700480934385,0.06735906109640742,0.006635860783871118,0.2901977696722669,0.8378297305360984,0.030789484277577207,0.5450616600433327,0.0010663200907591423,0.9999999999999999,1.734723475976807e-18,-1.6479873021779667e-17,-6.938893903907228e-18,0.986507303943784,0.15727217879083055,0.04422463745160224,-0.01062932200218586,0.9853355003273027,-0.038570018403741774,-0.003799715560053027,0.1661681908090185,0.7195233458502994,-0.0391666616508773,-0.6933615849268959,0.001356443577611867,1.0,-2.7755575615628914e-17,-2.42861286636753e-17,0.0
2.58,0.928610927438073,-0.033893018790081865,-0.35661447363566234,-0.09674257549526318,0.9041548723927156,0.050367032897042543,-0.05131749866859741,0.421110013008548,0.683454010947526,0.08594956264408728,0.0466630456339554,-0.7234126400424536,1.0,0.0,0.0,0.0,0.9922943440461762,-0.0130115443485401,-0.021561814503101184,0.12131662146206107,0.9948853917470355,-0.07951319631090835,-0.06108562582213714,0.01221700530772063,0.9999895840972397,-0.002651578616214567,-9.857944349711545e-09,0.003714946550297804,0.9682942278173855,0.032769388959111634,-0.016709728515387788,0.24708953942998396,0.9056603184199536,-0.046903656233255556,-0.06469158662898308,-0.4164065721033293,1.0,0.0,0.0,0.0,0.9679748101602447,0.026363490632677636,0.043687719109209294,0.24580707161498452,0.9915803962291456,0.10193393682196943,0.0783102505266784,0.015661896452023483,0.9945606409349338,0.0605117439240532,-2.2496839970683608e-07,0.08477889094764593,0.9718147597982929,0.07197605216926728,0.08813352434508567,-0.2064654993911284,0.9538706477308965,-0.18123929191054428,0.23283425255318413,-0.05541946682533891,0.9547517060850582,0.06722737774806119,0.006622888032277546,0.2896304486115064,0.8395987441386294,0.03063582593555579,0.5423414692721382,0.0010609985018772555,1.0,-2.7755575615628914e-17,-7.28583859910259e-17,-5.204170427930421e-18,0.9873029281673508,0.15603108912327246,0.02923230348275023,-0.0057183644753389384,0.9811895948867142,-0.04363765058190559,-0.0042989520560906685,0.18800067379920923,0.7185325905347554,-0.0392244717301227,-0.6943849881601776,0.0013584456913331953,0.9999999999999999,0.0,-7.546047120499111e-17,1.3877787807814457e-17
2.59,0.9292447950545568,-0.026258688312598852,-0.35505479168723586,-0.09874556725266326,0.9042106656560471,0.0497382281821698,-0.04268792647600134,0.422027157543595,0.6906333498182224,0.0851750318984724,0.04759112123291173,-0.7165932425300625,1.0,0.0,0.0,0.0,0.9920718336734559,-0.013197332597549696,-0.021869689698749875,0.12304886800201259,0.995074917412851,-0.07802978535221758,-0.05994600257760402,0.011989082894879988,0.9999936615783814,-0.002068459654550256,-7.690045437241944e-09,0.002897978212342056,0.9653016850793414,0.02719690768656953,-0.013913870725597986,0.25934415203876077,0.898438042678923,-0.049050335942906365,-0.06494481882670282,-0.4314919680813544,1.0,0.0,0.0,0.0,0.9649172909845151,0.027571855001465445,0.04569013540000733,0.257073580707959,0.9919453661030787,0.0997092990679239,0.07660118340652318,0.015320086381369785,0.9951648840768705,0.05706042791650147,-2.12137220342596e-07,0.0799434867028546,0.9733036246517216,0.06451199698130308,0.08536601747376935,-0.2030539326040578,0.9549877502793297,-0.1800299480011053,0.229395043706833,-0.05445666682678957,0.9546583885285859,0.06729505868801058,0.006629555602874843,0.28992203310664255,0.8410273725114122,0.03051093087299946,0.540130470558602,0.0010566730603324137,1.0,0.0,6.114900252818245e-17,-1.734723475976807e-18,0.9874719181284227,0.1574523433936491,0.002611425963042577,-0.010057381471423543,0.9748554964721756,-0.05037191488270079,-0.004962376392096755,0.217013377489917,0.7129634514809005,-0.03954638653755863,-0.7000837981094357,0.0013695944401588105,0.9999999999999999,0.0,-5.984795992119984e-17,0.0
2.6,0.9292643820606611,-0.018618317925416166,-0.3549076652451758,-0.10080483927502813,0.9044905171158514,0.049058397605101646,-0.031420949988989394,0.42249603782013034,0.6942885740956692,0.08477474873076107,0.048059693908399204,-0.7130686388274758,1.0,0.0,0.0,0.0,0.9920877525393832,-0.013184129238185321,-0.021847810021918032,0.12292576294183596,0.9956001555312955,-0.0737614552116418,-0.056666878734650136,0.011333264560290407,0.9997366198588512,-0.013332761041922186,-4.956806267525371e-08,0.01867962516206434,0.9626527391770712,0.02201993596892543,-0.008591552317789955,0.26970541597004904,0.8901913372662228,-0.051379687561059637,-0.06507534719879812,-0.4479784704081855,1.0,0.0,0.0,0.0,0.960334868602181,0.029283087762965093,0.048525869759182605,0.2730287180536377,0.9925031013559907,0.09620870565917877,0.07391186956878085,0.014782228890550465,0.9963877868898872,0.049334566572133864,-1.8341428908216079e-07,0.0691193075614827,0.9756211854941483,0.05688665262136638,0.08109450558408299,-0.1958338385790412,0.9560303958452349,-0.1794169434489554,0.22521859100102729,-0.05560601488103342,0.9544062313044727,0.0674775696186292,0.006647535620817591,0.29070833066103563,0.8380851286843994,0.03076736751207948,0.5446701302337292,0.0010655541295244986,1.0,1.3877787807814457e-17,-1.1275702593849246e-17,1.0408340855860843e-17,0.9858818627967406,0.16127967200785354,-0.03567833155690772,-0.02743859804697424,0.9666242956900257,-0.057912883142366034,-0.005705272963578152,0.2495015406932625,0.6959023382376479,-0.04050150102300488,-0.7169920477662158,0.0014026725442162439,1.0,-1.3877787807814457e-17,8.651933336434325e-17,0.0
