time,addbrev_r,addlong_r,addmagDist_r,addmagIsch_r,addmagMid_r,addmagProx_r,bflh_r,bfsh_r,edl_r,ehl_r,fdl_r,fhl_r,gaslat_r,gasmed_r,glmax1_r,glmax2_r,glmax3_r,glmed1_r,glmed2_r,glmed3_r,glmin1_r,glmin2_r,glmin3_r,grac_r,iliacus_r,perbrev_r,perlong_r,piri_r,psoas_r,recfem_r,sart_r,semimem_r,semiten_r,soleus_r,tfl_r,tibant_r,tibpost_r,vasint_r,vaslat_r,vasmed_r,addbrev_l,addlong_l,addmagDist_l,addmagIsch_l,addmagMid_l,addmagProx_l,bflh_l,bfsh_l,edl_l,ehl_l,fdl_l,fhl_l,gaslat_l,gasmed_l,glmax1_l,glmax2_l,glmax3_l,glmed1_l,glmed2_l,glmed3_l,glmin1_l,glmin2_l,glmin3_l,grac_l,iliacus_l,perbrev_l,perlong_l,piri_l,psoas_l,recfem_l,sart_l,semimem_l,semiten_l,soleus_l,tfl_l,tibant_l,tibpost_l,vasint_l,vaslat_l,vasmed_l
1.95,0.03440726,0.0692576,0.02062851,0.02513537,0.02094977,0.01608638,0.01001168,0.01161614,0.1003302,0.01270562,0.0112966,0.01079632,0.01037848,0.01020713,0.01000872,0.01000602,0.01001154,0.21591295,0.01001604,0.01000701,0.14838115,0.010062,0.01001863,0.01540695,0.14312076,0.0225296,0.05102217,0.01000668,0.03100996,0.13210715,0.01084292,0.01001777,0.01009872,0.01012174,0.1391477,0.10414354,0.01043298,0.01294029,0.03086255,0.01470477,0.01115654,0.02418712,0.01002026,0.01001581,0.0100356,0.01012414,0.01000649,0.03602837,0.11330057,0.03761386,0.01025143,0.01009582,0.01214614,0.0120709,0.01001918,0.01000855,0.01000704,0.13386771,0.04792879,0.01008658,0.07024346,0.06250297,0.03938474,0.01029796,0.12419054,0.02755159,0.03471239,0.01023375,0.06600097,0.0776819,0.08692171,0.01000715,0.01002943,0.0100194,0.19580091,0.10697837,0.01003797,0.01001135,0.01000366,0.01000805
1.96,0.02868824,0.05772195,0.01725672,0.02100322,0.01748848,0.01345583,0.01093668,0.01068027,0.09468118,0.0346423,0.01108985,0.01054135,0.01009292,0.0100461,0.01454242,0.02429742,0.01139861,0.21014635,0.11614249,0.01108308,0.12370899,0.0489905,0.01695099,0.01290779,0.11928387,0.02328731,0.04414625,0.04973703,0.02586952,0.11010041,0.01065018,0.01116857,0.01065522,0.01005166,0.11603096,0.09050486,0.01025735,0.03011164,0.03193719,0.03016081,0.01022934,0.02018978,0.01019668,0.01019002,0.01022586,0.01055333,0.01038846,0.03008483,0.09445179,0.03163362,0.01353624,0.01122413,0.01016764,0.01007944,0.03595192,0.01886736,0.01017644,0.11157722,0.04006023,0.04465714,0.05858151,0.05214526,0.03294875,0.01061703,0.10350684,0.02302903,0.02895454,0.05164442,0.05502246,0.06474348,0.0724682,0.01019989,0.0102501,0.01003113,0.16318248,0.08921276,0.0154865,0.01955629,0.02512221,0.01597687
1.97,0.02392308,0.04811125,0.0144459,0.0175406,0.01460626,0.0112931,0.0143714,0.01066587,0.08910419,0.03331802,0.01094666,0.01044175,0.01009518,0.01005092,0.02000961,0.02040743,0.01419573,0.17522404,0.11109887,0.10581358,0.10316779,0.04275494,0.03606617,0.0109012,0.09943198,0.02565847,0.04023357,0.04154166,0.02159327,0.09176303,0.01032689,0.01482007,0.01457291,0.01004424,0.1084939,0.09172366,0.01021575,0.02512241,0.02662304,0.0251547,0.01349168,0.01691498,0.01989846,0.02942502,0.01699587,0.01312037,0.06599152,0.02514212,0.07874966,0.02653723,0.01396023,0.01612637,0.01048704,0.01034932,0.03053219,0.0603231,0.03374962,0.09300877,0.03345217,0.0372959,0.04887142,0.0435117,0.02753998,0.01188531,0.0862743,0.01928858,0.0241863,0.04307148,0.04587361,0.05395977,0.06042438,0.04996324,0.01496121,0.01193198,0.13600522,0.07444345,0.01952293,0.02106064,0.02114545,0.02102005
1.98,0.01995686,0.04010531,0.01208477,0.01463813,0.01220959,0.01017891,0.01201327,0.02213002,0.08326797,0.03099646,0.01099309,0.01045948,0.010268,0.010155,0.01672053,0.0170251,0.01186863,0.14606169,0.09269608,0.08830143,0.08607943,0.09198114,0.08328887,0.01032498,0.08294947,0.02496254,0.03574926,0.04309841,0.01810151,0.07648328,0.02360515,0.01237116,0.01222952,0.01004784,0.10634652,0.09090362,0.01022765,0.02095246,0.02219087,0.02097402,0.0131762,0.01418567,0.01676273,0.02464061,0.01454481,0.01401234,0.05771234,0.02105998,0.06571972,0.02260308,0.01567987,0.01524026,0.01011933,0.01005302,0.04654933,0.05338661,0.02822471,0.07754071,0.02796219,0.03121616,0.04079639,0.03634211,0.02308277,0.01327981,0.07191648,0.01619059,0.02020287,0.03794702,0.03825113,0.04497333,0.05040387,0.04370944,0.01979345,0.01128021,0.11337298,0.06413514,0.01765582,0.01760302,0.01763534,0.01755283
1.99,0.0166706,0.03344492,0.0102124,0.01222168,0.01029958,0.01034107,0.01007791,0.01922946,0.07692288,0.02800634,0.01108164,0.01050636,0.01011643,0.01005771,0.01396483,0.01420153,0.01007821,0.12173552,0.07728735,0.07364233,0.07180157,0.07695418,0.0697137,0.01039905,0.1281022,0.02286188,0.03127385,0.03603674,0.0569822,0.06374975,0.05253869,0.01032588,0.01027196,0.01004595,0.09243017,0.07712907,0.01026322,0.01748037,0.01849787,0.01749164,0.01112519,0.01187762,0.01400775,0.02056723,0.01217691,0.01181741,0.04813089,0.02168805,0.0640122,0.02152169,0.01337984,0.01289562,0.01374354,0.02145075,0.03919795,0.04454761,0.02353978,0.07551402,0.06331915,0.04978331,0.03475201,0.03169035,0.02625922,0.01154224,0.05996421,0.01391253,0.01728808,0.04685363,0.03190286,0.03748264,0.04219693,0.12600689,0.01682413,0.01009785,0.09453906,0.0665413,0.01476473,0.01468647,0.01470112,0.0146393
2.0,0.01396384,0.02789955,0.0101041,0.01022452,0.01016586,0.01063999,0.01003527,0.03917296,0.08023226,0.02456753,0.01137517,0.01072793,0.01085664,0.01055416,0.01168084,0.01185363,0.01004923,0.10145887,0.06444161,0.06145678,0.05988259,0.06438514,0.05998588,0.01058264,0.13226178,0.020828,0.02976,0.03131464,0.11798493,0.05312796,0.10677659,0.01002173,0.01006925,0.01007388,0.07710142,0.07036464,0.01041709,0.01458605,0.01541991,0.0145889,0.01013324,0.01008437,0.01172539,0.01718832,0.01023706,0.01018833,0.04042838,0.0569586,0.06855247,0.02391158,0.01196778,0.01115645,0.02096101,0.03564955,0.0383081,0.03719288,0.01963889,0.06319075,0.08047047,0.1022821,0.0422887,0.0679787,0.06714304,0.01042539,0.05000444,0.01820744,0.02326459,0.04645787,0.02661087,0.03124141,0.03540725,0.12555438,0.05337684,0.01010646,0.07882909,0.08028656,0.01238938,0.01225876,0.01225646,0.01221291
2.01,0.01174093,0.02327221,0.01023525,0.01022276,0.01028339,0.01048062,0.010263,0.05740736,0.09577038,0.02486918,0.01114732,0.01061774,0.02249685,0.02506699,0.01034002,0.01016818,0.01011718,0.08455957,0.05373624,0.05150589,0.04993913,0.05380107,0.05042819,0.01143969,0.11029575,0.02068895,0.04348456,0.122929,0.09839635,0.04441057,0.08925241,0.05408668,0.01095349,0.01007694,0.06430259,0.10194813,0.01032434,0.01217942,0.01285574,0.01217294,0.01009749,0.01004368,0.01080471,0.01446075,0.01017564,0.01013614,0.05723289,0.08143121,0.06848354,0.02699651,0.01106437,0.01053207,0.0319263,0.04015458,0.03206993,0.03103829,0.01641302,0.05267907,0.06710523,0.0853226,0.03532308,0.05680761,0.05626456,0.01044517,0.0417066,0.01960307,0.02508334,0.03959867,0.02220454,0.02603946,0.02965289,0.12035213,0.04630528,0.01008078,0.06576139,0.07817144,0.01046483,0.01025323,0.01022274,0.01020203
2.02,0.01023949,0.0194199,0.01018738,0.01017585,0.01021325,0.01040957,0.01049896,0.0810238,0.11392839,0.03690775,0.01081215,0.0104122,0.02029623,0.0498334,0.01284185,0.01043217,0.01012613,0.07047447,0.04480844,0.04799418,0.04164508,0.04495212,0.06356493,0.01152445,0.09204744,0.0283862,0.05694927,0.14691809,0.08217044,0.03701104,0.0784422,0.09738417,0.01925623,0.01006341,0.05363485,0.12970172,0.01020112,0.01020209,0.01072225,0.01017469,0.01021181,0.01019814,0.0102353,0.01209466,0.0102358,0.01027745,0.04770277,0.07681145,0.05892074,0.02323692,0.01150137,0.01088575,0.03121226,0.0353101,0.02675029,0.02587774,0.01370251,0.04390765,0.05593846,0.0711293,0.02947074,0.04741687,0.04711152,0.02248502,0.03518042,0.01815367,0.02230023,0.03449208,0.01867729,0.02173352,0.10406951,0.100296,0.0386093,0.01016961,0.05505389,0.06583322,0.01050232,0.01003816,0.01001161,0.01002649
2.03,0.01020546,0.01623868,0.01015966,0.01013252,0.0101939,0.01045662,0.02595721,0.11590667,0.12241985,0.04281082,0.01053414,0.01023599,0.04090654,0.05729111,0.01327075,0.01044413,0.01012101,0.05873531,0.03736032,0.04009633,0.03472838,0.03753468,0.05327784,0.038129,0.07708168,0.03973768,0.0572662,0.13797862,0.06957614,0.03085409,0.12060337,0.10755548,0.04313003,0.01003848,0.044726,0.13240307,0.01011417,0.01005778,0.01001651,0.01003882,0.01992751,0.12207928,0.01021439,0.01017328,0.0104991,0.0447558,0.03975869,0.0640862,0.05248692,0.0206756,0.01141258,0.01082706,0.02602799,0.02943202,0.02231283,0.02157557,0.01145892,0.03659613,0.04662933,0.05929706,0.02458501,0.03957467,0.03948244,0.01903559,0.09207289,0.01661692,0.01928008,0.07077077,0.17962372,0.0445109,0.1042716,0.08358364,0.03218598,0.01019489,0.05504109,0.05752408,0.01044699,0.01010015,0.01003156,0.01006743
2.04,0.01314459,0.07698915,0.01021369,0.01013885,0.01044337,0.03749971,0.02171096,0.09678916,0.13246919,0.03606603,0.01079597,0.01037892,0.03600405,0.05876657,0.01139963,0.01019314,0.01014035,0.04895182,0.03114856,0.03344977,0.02896231,0.03133011,0.04451379,0.05986068,0.07539812,0.03377814,0.04997553,0.11516865,0.12637479,0.02571473,0.10092195,0.0896574,0.03605805,0.0100667,0.03731433,0.1285252,0.0101891,0.01008236,0.01002695,0.01005676,0.02609705,0.13343842,0.01011263,0.0100695,0.01022448,0.07067671,0.03313932,0.05347928,0.0634472,0.01876208,0.01163908,0.01110493,0.02171337,0.02454598,0.01861656,0.01799131,0.01008849,0.03050363,0.03887264,0.0494368,0.02051841,0.0330521,0.03315361,0.01602005,0.14289706,0.01505926,0.01656767,0.05901059,0.19224419,0.03713627,0.11372567,0.06965611,0.02683367,0.0102723,0.05326571,0.05066037,0.01072411,0.01340572,0.01289887,0.01330133
2.05,0.04622213,0.13609006,0.01029402,0.01018629,0.01086038,0.04019265,0.0182625,0.08083582,0.15122868,0.03043836,0.0108822,0.0104737,0.0329761,0.06499893,0.01041875,0.01016402,0.01014583,0.04079881,0.02597074,0.02790084,0.02415854,0.02615582,0.0371926,0.05180029,0.0633864,0.02888507,0.05100423,0.09615561,0.10559376,0.02143425,0.08434527,0.08711535,0.03026575,0.01008167,0.03112153,0.13601845,0.01024024,0.01010049,0.01003269,0.01006995,0.04978449,0.14779601,0.01029487,0.01013489,0.01228546,0.05938526,0.02764656,0.0487799,0.08849042,0.01819702,0.01097711,0.01050914,0.01813213,0.02046685,0.01554141,0.01500777,0.01007701,0.02542846,0.03241092,0.04121776,0.01715371,0.02763261,0.02775192,0.03955819,0.11972203,0.01519094,0.01509669,0.04919833,0.16036123,0.03095061,0.10179143,0.05807798,0.02239666,0.01015373,0.04443881,0.05197461,0.01020546,0.01120774,0.01076079,0.01111061
2.06,0.0661697,0.12159062,0.01108272,0.01043035,0.01427567,0.05998008,0.02740551,0.06756278,0.17872649,0.02575372,0.01078928,0.01046128,0.04272049,0.06747509,0.01100621,0.01039424,0.01071798,0.03400438,0.02165503,0.02327384,0.020156,0.02184289,0.03110103,0.0477929,0.0530569,0.03108857,0.07247823,0.08467532,0.08825765,0.01786506,0.07054598,0.09596818,0.06240292,0.01011687,0.02596813,0.18128264,0.01020722,0.01012259,0.0100401,0.01008631,0.04152416,0.12317811,0.01015232,0.01011974,0.01035789,0.04955179,0.05494028,0.0420302,0.1257645,0.01641957,0.01300649,0.01232209,0.01513593,0.01706811,0.01404565,0.01271666,0.01020021,0.02120217,0.02703933,0.03439392,0.01441948,0.02342862,0.03350335,0.03314951,0.09982233,0.0130585,0.01272349,0.04103243,0.13367921,0.02579879,0.08922565,0.11419668,0.01881462,0.01035127,0.03733492,0.05495412,0.0126518,0.01008252,0.01002598,0.01005771
2.07,0.06260151,0.144704,0.01036649,0.01018072,0.01222593,0.06113299,0.02289394,0.16341926,0.1978982,0.02208575,0.01034236,0.010167,0.06038041,0.06695759,0.0104706,0.01016619,0.01018168,0.02834229,0.01805807,0.01941548,0.01682348,0.01825527,0.0260702,0.11049628,0.07499044,0.04216751,0.07413687,0.11748722,0.07460926,0.01489133,0.09099686,0.10483088,0.05257885,0.01002744,0.02167549,0.22095719,0.01008283,0.01004393,0.01001424,0.01003134,0.03469362,0.1027527,0.01029658,0.01023896,0.01038285,0.04143043,0.05804826,0.12235722,0.14814045,0.01467189,0.01131294,0.01081036,0.01262944,0.01423045,0.01194397,0.01078392,0.01020552,0.01768027,0.0225567,0.02868691,0.01235679,0.01974228,0.02809268,0.03444506,0.08336216,0.01283146,0.01459601,0.03420639,0.1114973,0.02150258,0.07570822,0.10699776,0.07140691,0.01014398,0.03115887,0.08153659,0.0106864,0.01005457,0.01001779,0.01003912
2.08,0.06395406,0.21313731,0.0101327,0.01009167,0.01047317,0.05731151,0.01909779,0.18809029,0.21355743,0.09789811,0.0103857,0.01017234,0.05051171,0.05581907,0.01018692,0.01007705,0.0100652,0.02362386,0.01505995,0.01619712,0.01405047,0.01526751,0.0218616,0.11201485,0.10543953,0.03605805,0.09854613,0.12259727,0.23892525,0.01241393,0.18645954,0.0873643,0.04387506,0.01002515,0.01810925,0.23968784,0.01007075,0.01002863,0.01000928,0.01002045,0.02922836,0.12773584,0.010222,0.0101298,0.01058707,0.05554299,0.04841049,0.10667738,0.12350417,0.0855451,0.01003621,0.01001892,0.01053426,0.01186349,0.0103383,0.01014668,0.01014335,0.01474405,0.01881809,0.02392678,0.01061671,0.01662159,0.02357382,0.06136834,0.09204573,0.0274041,0.02190064,0.02851809,0.1642001,0.01792533,0.10813293,0.08917756,0.05960496,0.01001022,0.02612689,0.1538085,0.01000839,0.01005285,0.0100171,0.01003777
2.09,0.06791978,0.23067651,0.01035084,0.01010379,0.01444827,0.06288799,0.01592931,0.1745877,0.18860423,0.08176224,0.01176685,0.01038735,0.04214954,0.05548244,0.01012785,0.01005579,0.01010173,0.01969177,0.0125608,0.01351276,0.01174165,0.01276773,0.01829693,0.09573761,0.26658344,0.05787334,0.17554671,0.11379582,0.33928052,0.01035323,0.16582742,0.08091633,0.03659497,0.01000732,0.01512822,0.19999113,0.01155804,0.01003073,0.01000968,0.01002205,0.02456263,0.17658975,0.0100387,0.01002761,0.01007446,0.0696716,0.04047304,0.09588581,0.102934,0.07132739,0.03737926,0.04985808,0.01499079,0.01016465,0.01012261,0.01005156,0.01002561,0.01229915,0.01570501,0.01995838,0.01017699,0.01406297,0.01977058,0.08663555,0.11742114,0.02285768,0.01825847,0.0237735,0.14063581,0.01494372,0.09035421,0.07836279,0.04983679,0.01000727,0.021849,0.12819065,0.09317608,0.01001201,0.01000387,0.01000876
2.1,0.05662508,0.19224181,0.01004938,0.01002576,0.01210381,0.0524421,0.01328456,0.16156632,0.15718481,0.06824674,0.01004352,0.01003175,0.03784053,0.08898856,0.01002693,0.01001316,0.0100157,0.0164186,0.01048343,0.01127891,0.01009193,0.01074635,0.01539902,0.07983291,0.2437307,0.14102813,0.14631346,0.13564584,0.28287462,0.18783284,0.24230482,0.06743654,0.0305179,0.04468852,0.07377969,0.16666802,0.01000591,0.01000389,0.01000153,0.01000281,0.13861409,0.22150774,0.06752893,0.05648725,0.10354011,0.05826359,0.06642499,0.07993619,0.08579076,0.05948734,0.04992281,0.08281518,0.01504609,0.04865352,0.01020013,0.01014111,0.01383248,0.01029442,0.01312285,0.016647,0.01036543,0.01182985,0.01651679,0.07234206,0.0978892,0.01907351,0.01523071,0.01981606,0.11722126,0.01249768,0.07531675,0.06531177,0.04204366,0.09724792,0.01824709,0.10691044,0.113215,0.01013661,0.0100417,0.01008982
2.11,0.04719643,0.16020532,0.01006537,0.01005129,0.0101515,0.04371522,0.01107582,0.13464976,0.13100398,0.05688988,0.0233723,0.06968251,0.07257409,0.18652376,0.01013012,0.01005019,0.01003307,0.05750168,0.05686656,0.0815874,0.06059699,0.11859527,0.15917413,0.0665389,0.20312148,0.11753586,0.12194269,0.11367987,0.23573855,0.1577927,0.20193806,0.05620059,0.02543886,0.21873824,0.1169722,0.13889775,0.02078123,0.0133672,0.06898372,0.01240934,0.11561861,0.1846361,0.05654891,0.08138452,0.08641033,0.04861545,0.05539458,0.06665729,0.0735543,0.04963029,0.04626704,0.0820446,0.14391218,0.17655452,0.01052348,0.01050708,0.01198768,0.01348081,0.0110794,0.01389218,0.01326506,0.01056812,0.01382417,0.06039977,0.08163063,0.01594982,0.01272508,0.01651806,0.0977124,0.01200246,0.06278672,0.18319165,0.03514913,0.15271011,0.01536798,0.0891092,0.15364295,0.01201045,0.01200299,0.01200723
2.12,0.03933942,0.13350965,0.0100514,0.01004689,0.01006442,0.03644316,0.01004303,0.11223238,0.12065554,0.04749987,0.01956456,0.05821941,0.11397281,0.15556256,0.01021534,0.01008302,0.01002347,0.16787029,0.17377668,0.22579691,0.0528643,0.09908774,0.13275731,0.05546505,0.16928137,0.09795755,0.16746467,0.10348181,0.19645956,0.16417778,0.16830223,0.06873402,0.02121918,0.2300666,0.09749369,0.11852942,0.01733086,0.01115239,0.05748995,0.01035132,0.09651521,0.15401993,0.04718199,0.06787845,0.07208278,0.04056859,0.12512487,0.05566717,0.06131426,0.04144703,0.05189435,0.09384804,0.14365634,0.15607504,0.01007229,0.0100354,0.01003764,0.04257633,0.01691463,0.01160234,0.04270312,0.01776697,0.01162852,0.05195886,0.06815712,0.01332762,0.01062131,0.01376945,0.08147008,0.01002169,0.05235412,0.15271584,0.09889182,0.13034801,0.01302423,0.0743152,0.14067341,0.010024,0.01000743,0.01001727
2.13,0.03279517,0.11126362,0.01038234,0.01436333,0.01012519,0.03039104,0.01720826,0.09354521,0.10055595,0.03962839,0.0163254,0.04854574,0.09499626,0.14952783,0.07689027,0.04101028,0.01371506,0.13990368,0.14484516,0.18850046,0.04409199,0.08261929,0.11069212,0.04624039,0.14107968,0.08173151,0.20696989,0.19792927,0.16372773,0.2653795,0.14027191,0.05728175,0.01770863,0.23970804,0.08125529,0.0987822,0.01444675,0.01050397,0.08064417,0.01036557,0.0805387,0.12837633,0.11658896,0.09314631,0.11425727,0.03393321,0.1141217,0.04643277,0.05114266,0.03466515,0.05093899,0.10460561,0.11973151,0.13007188,0.01005755,0.01003447,0.01019228,0.03549415,0.01437114,0.01003265,0.03562494,0.01493432,0.01007893,0.04365482,0.05682377,0.01131557,0.01046721,0.01147999,0.06792229,0.01001216,0.04365313,0.12726876,0.08244661,0.12596574,0.01091617,0.06196369,0.13155355,0.01473427,0.01996863,0.01259718
2.14,0.02735238,0.09272906,0.01036129,0.01201558,0.01022652,0.02542214,0.01436815,0.07797653,0.09807995,0.03308882,0.01362884,0.05266366,0.07919347,0.13433864,0.06411636,0.03419001,0.01434314,0.11659135,0.12071712,0.15715779,0.03675967,0.06887531,0.09230028,0.03856032,0.11758419,0.1856119,0.21278407,0.21720864,0.13646868,0.34327547,0.11692981,0.04774124,0.0147721,0.26123469,0.06772537,0.08233517,0.01204344,0.02827328,0.08686301,0.02913801,0.06714053,0.10699169,0.0971733,0.0776294,0.09524255,0.02892272,0.09514009,0.03875062,0.04265693,0.02911924,0.0535852,0.10389854,0.09980941,0.10840842,0.01086976,0.01101402,0.12837353,0.02958288,0.01205614,0.01042206,0.02970045,0.01256321,0.01080187,0.03653597,0.04737152,0.01005529,0.01001945,0.0120961,0.05670293,0.10274884,0.03646624,0.10606094,0.06871823,0.13564855,0.01078032,0.05168132,0.10970736,0.01590347,0.03048266,0.01758741
2.15,0.02283738,0.07728526,0.01032245,0.01009951,0.01197457,0.02784299,0.01199158,0.06500433,0.0817472,0.02765087,0.01138569,0.04392294,0.06601636,0.11202199,0.05344907,0.0284996,0.01200082,0.09716456,0.10060911,0.13099436,0.0306497,0.05742304,0.07697079,0.03216391,0.09801445,0.15984821,0.17740493,0.205525,0.11378551,0.37153717,0.09750448,0.03978715,0.01232336,0.27079217,0.05644511,0.0686263,0.01004091,0.02436811,0.09203045,0.02468558,0.05597319,0.08917217,0.08099179,0.06469813,0.07939527,0.10054043,0.07949875,0.03235865,0.03561096,0.02461844,0.04467626,0.0866033,0.08319861,0.09035914,0.01041435,0.01035822,0.12131758,0.02465626,0.01017001,0.01022359,0.02476188,0.01063334,0.01056499,0.03063252,0.0394945,0.01022004,0.01012437,0.09911517,0.04768312,0.18624917,0.03065553,0.08839075,0.05727767,0.13943008,0.01045192,0.0430991,0.09142814,0.01598975,0.04220341,0.01648598
2.16,0.01905869,0.06441264,0.01005027,0.0100339,0.01010727,0.0232498,0.01002081,0.05419608,0.06815246,0.02318357,0.02414536,0.06377268,0.07616748,0.09336085,0.04455958,0.02375803,0.01004195,0.08098272,0.08386549,0.1092058,0.02558201,0.04792871,0.06444336,0.02682831,0.08171308,0.13321099,0.14784003,0.17216547,0.09485645,0.31065197,0.08131734,0.0331618,0.01028723,0.24208791,0.05468041,0.05722261,0.01873218,0.0206176,0.14320803,0.02071223,0.04666206,0.07431944,0.06750583,0.05392156,0.066184,0.08415198,0.09195141,0.02705717,0.02975168,0.02097919,0.03726082,0.07218534,0.06936994,0.07534898,0.0107882,0.03773876,0.1549237,0.02055104,0.0100741,0.01031531,0.02064724,0.01019619,0.01083793,0.02566265,0.03292907,0.01182038,0.01843979,0.09804765,0.03993163,0.19828435,0.02634562,0.07366141,0.0477443,0.16579308,0.01042398,0.03594509,0.07619374,0.0133756,0.03518626,0.01377464
2.17,0.01591823,0.05368573,0.01009457,0.01005832,0.010225,0.01941709,0.01057687,0.0451905,0.05681247,0.01953206,0.0202132,0.05321337,0.06348554,0.07780979,0.03716447,0.01981467,0.01003965,0.06751994,0.06993024,0.09104555,0.02145988,0.04007674,0.05380513,0.02239052,0.06811863,0.1110227,0.12320989,0.14350638,0.07906647,0.25888343,0.06779999,0.02767222,0.01006067,0.23241106,0.04557164,0.04772714,0.15572301,0.01729115,0.18696787,0.01732003,0.03890011,0.06194104,0.05626883,0.04494231,0.05517289,0.07022518,0.09772752,0.02263759,0.02488351,0.0178259,0.03106776,0.06017558,0.05783035,0.06280656,0.01309922,0.03650132,0.17701164,0.01713211,0.0102006,0.01040974,0.01722409,0.01045737,0.010782,0.02146477,0.02745737,0.03717442,0.01566053,0.08171685,0.0333378,0.24219029,0.02206416,0.0614246,0.0398011,0.21401967,0.01062936,0.02998217,0.06349907,0.01154439,0.04855586,0.0117307
2.18,0.01329564,0.04474515,0.01104448,0.01173642,0.01062774,0.01621602,0.14668169,0.0376865,0.04736619,0.01671255,0.03436932,0.08307737,0.08195635,0.06484334,0.05467474,0.04429583,0.01182573,0.11267307,0.08573533,0.08199771,0.02171359,0.03416231,0.0455042,0.01869666,0.05678449,0.09252198,0.10267644,0.15102121,0.0659032,0.21578185,0.05652987,0.09964388,0.0116405,0.21376488,0.06872523,0.03986507,0.12995195,0.01446073,0.28907753,0.01446401,0.03242949,0.05162458,0.04690249,0.03745857,0.04599332,0.05861479,0.08423991,0.01896483,0.02084483,0.01518037,0.02592939,0.05016636,0.04821246,0.08161324,0.02071797,0.16675497,0.24398104,0.0142841,0.01016871,0.01145429,0.0143748,0.01025648,0.01051265,0.01794647,0.02289713,0.15103816,0.04112548,0.06830948,0.02784435,0.36034526,0.0185,0.05118955,0.03317964,0.29970832,0.01020613,0.02501119,0.05292072,0.1578324,0.04171834,0.21779176
2.19,0.01111249,0.0372943,0.01003653,0.01003686,0.01004194,0.01355129,0.23217837,0.03143301,0.03949183,0.0158359,0.02878121,0.0692372,0.06829998,0.11415949,0.04580804,0.03698202,0.01002523,0.15030513,0.13021096,0.14937626,0.03493302,0.03766438,0.06394588,0.01562001,0.04734066,0.07711539,0.08557753,0.12953161,0.0549349,0.17982153,0.04714225,0.19904193,0.01004304,0.18990649,0.05728697,0.033532,0.10830486,0.01208044,0.3233274,0.01207202,0.02703565,0.04302701,0.03909311,0.03122025,0.03833857,0.04890805,0.07020891,0.01595556,0.01745233,0.01305738,0.02164768,0.04190202,0.04024696,0.06801581,0.01731064,0.13898447,0.20333224,0.0119147,0.01008616,0.01016164,0.01201336,0.01023638,0.01043229,0.01499544,0.01910235,0.12591361,0.03428066,0.15235553,0.02933181,0.41107979,0.01812562,0.04266068,0.0276581,0.38952529,0.0107041,0.02087178,0.04410347,0.13159852,0.37413979,0.18154592
2.2,0.01258167,0.0310863,0.01441746,0.01446952,0.01435127,0.01387093,0.19348507,0.02622306,0.03293768,0.01339126,0.02399957,0.05777509,0.13165045,0.15242725,0.10729598,0.15802882,0.014732,0.1252723,0.10854063,0.12452854,0.02917567,0.03143821,0.05333302,0.01440804,0.03946612,0.08471406,0.07131775,0.1080307,0.04579292,0.27046584,0.03931215,0.16594144,0.01448006,0.37635664,0.10008468,0.02796072,0.14118077,0.01007947,0.26946241,0.01006845,0.02253868,0.03586117,0.03258443,0.02602146,0.0319576,0.04079127,0.05851936,0.01348019,0.01460356,0.01264866,0.0533341,0.10779974,0.03357829,0.05669014,0.01451464,0.1158738,0.16945898,0.01005931,0.01009915,0.0101024,0.01021379,0.01022054,0.010221,0.01252649,0.01593903,0.10493865,0.02857111,0.21105725,0.02456315,0.42225578,0.0153502,0.035553,0.02305663,0.50324964,0.01021418,0.01745195,0.04229185,0.19715053,0.51452992,0.27524236
2.21,0.01054331,0.02591167,0.01202223,0.01206373,0.01197226,0.01162021,0.16124506,0.02187212,0.02746242,0.01122464,0.02642042,0.04821823,0.10973139,0.12703212,0.08942764,0.13169661,0.01228063,0.10454689,0.09051316,0.10381393,0.03026847,0.0806945,0.12195317,0.01203027,0.06619077,0.07060139,0.05943608,0.188725,0.04797431,0.22540306,0.03287746,0.13828898,0.01207294,0.31364925,0.09722894,0.02331332,0.12450029,0.06609997,0.41884047,0.03174503,0.01878891,0.02988839,0.02715879,0.0216882,0.02663755,0.03401253,0.04877251,0.01150696,0.01220834,0.01242584,0.05686471,0.08990332,0.04067284,0.04724971,0.01723807,0.16563027,0.14122564,0.01002143,0.01014422,0.01441552,0.01005333,0.01030306,0.01440147,0.01045877,0.01330359,0.08745787,0.02381169,0.18365402,0.02056521,0.35190163,0.01796174,0.02962949,0.01922052,0.48972837,0.01439201,0.01498116,0.03524437,0.260051,0.5618907,0.31511788
2.22,0.01004621,0.02159927,0.01004606,0.01007535,0.01003422,0.01007007,0.1991772,0.01824471,0.02292342,0.0101848,0.02202523,0.04020622,0.09144547,0.10586186,0.07497039,0.10979793,0.01024428,0.0954948,0.13970954,0.17991403,0.02601216,0.06760681,0.10177992,0.01008581,0.05517486,0.05884874,0.04953241,0.16154316,0.03999269,0.18784071,0.02742105,0.11525577,0.010077,0.28578439,0.0811267,0.01947022,0.10376564,0.16593151,0.41678231,0.19013648,0.01572829,0.02529173,0.02265572,0.01808763,0.02224325,0.0738471,0.0978221,0.01092736,0.01046127,0.01161945,0.04740513,0.07492849,0.03390731,0.03938692,0.01438079,0.13803338,0.11771737,0.01002545,0.01004962,0.01202648,0.01007474,0.01013232,0.01203821,0.01032295,0.01140053,0.11116084,0.01986457,0.15304831,0.01986201,0.29326176,0.01498762,0.02471043,0.01604159,0.4345869,0.01202632,0.01250187,0.02967553,0.33276977,0.47650176,0.27429958
2.23,0.01009384,0.01801132,0.01887815,0.02046215,0.01172413,0.01010157,0.22948056,0.01522873,0.04668492,0.0356925,0.01838057,0.03350959,0.07622041,0.19252931,0.06253085,0.09152684,0.02075773,0.0795875,0.1164384,0.14994797,0.02170526,0.05636634,0.0848406,0.01006713,0.04599195,0.04907485,0.04871692,0.13465439,0.03334202,0.15653523,0.02286961,0.19941773,0.01008031,0.23815406,0.06763841,0.04515695,0.08647515,0.13828155,0.34731882,0.15845071,0.02493138,0.02487073,0.02874324,0.02512857,0.03092414,0.06169356,0.08152346,0.01008273,0.01035332,0.01018293,0.03957451,0.06247084,0.02827003,0.032832,0.0120062,0.11504041,0.0982054,0.01006419,0.01005097,0.01004411,0.01024193,0.01010205,0.01009363,0.02047302,0.01035243,0.09266204,0.04193021,0.13382837,0.0165839,0.24440718,0.01250168,0.06126007,0.06153973,0.3668302,0.01006161,0.01042863,0.02473044,0.46144321,0.45949455,0.27256428
2.24,0.0144706,0.01503777,0.01575583,0.0170625,0.0145378,0.02995075,0.19123538,0.10917038,0.04743067,0.02985541,0.0153252,0.02793638,0.06356198,0.28677545,0.05211974,0.07627792,0.01730965,0.06632653,0.09703838,0.12496572,0.01809957,0.04698626,0.0707169,0.0579136,0.03836692,0.1196973,0.04060133,0.14452706,0.14263433,0.22500523,0.17030839,0.166197,0.1593569,0.28450672,0.08221903,0.03764374,0.07695361,0.11523641,0.28943381,0.13204355,0.02078269,0.02072962,0.02395808,0.02094543,0.02577575,0.05142188,0.13235903,0.0101109,0.0101281,0.0102363,0.03300937,0.05207428,0.0688809,0.13371343,0.01882881,0.09591738,0.08184305,0.01002081,0.01007181,0.02087219,0.01005079,0.0100967,0.0103347,0.01708734,0.01003681,0.07722397,0.03494347,0.11153105,0.01384597,0.20367542,0.0104611,0.17047797,0.05141892,0.30569254,0.05411506,0.010074,0.02509688,0.38453638,0.38291223,0.2271386
2.25,0.01207363,0.01253879,0.01314035,0.0142274,0.0121301,0.02497532,0.15936776,0.09098279,0.03953496,0.02489551,0.05386413,0.04884944,0.19816466,0.35483281,0.04344818,0.06357143,0.01443009,0.05530006,0.0809302,0.10418416,0.01516941,0.04218202,0.10940009,0.0482682,0.0419871,0.09975165,0.03383723,0.19746885,0.11889412,0.1875127,0.14193943,0.13850107,0.13280008,0.23711277,0.16779344,0.03137533,0.09225859,0.25958193,0.41957214,0.29255582,0.01732573,0.01727992,0.01996916,0.01745858,0.02148435,0.04286049,0.15273302,0.15984275,0.05326495,0.04828539,0.02819676,0.04341556,0.13998231,0.25881071,0.01571614,0.07993846,0.0682055,0.01216939,0.02460865,0.01939167,0.01246386,0.02476152,0.03999295,0.01431328,0.11331182,0.06436458,0.02919847,0.33449713,0.12565277,0.21991042,0.32053821,0.1420789,0.39847858,0.25486321,0.10271625,0.11780521,0.0209152,0.32046979,0.39672047,0.18928341
2.26,0.01007148,0.0104542,0.01095872,0.01186301,0.01011991,0.02082651,0.17625108,0.07584483,0.03748478,0.06781025,0.04506765,0.04071443,0.16518375,0.31068436,0.03622325,0.05298271,0.01202988,0.04609445,0.0674693,0.0869157,0.01268321,0.03560129,0.09137487,0.04023309,0.03505383,0.08313059,0.02819895,0.16458304,0.09912872,0.15626149,0.11840982,0.20198078,0.11087697,0.19759453,0.13985151,0.05207471,0.07689068,0.2163187,0.34964358,0.24379682,0.01444216,0.01440243,0.01664433,0.01455188,0.01790722,0.0357253,0.12728633,0.13321271,0.04439752,0.04025309,0.02352278,0.03655022,0.18679551,0.24147479,0.03196165,0.1419783,0.05684188,0.01014523,0.02051849,0.02134294,0.01039693,0.02065369,0.0333993,0.01193875,0.09443315,0.0536444,0.02433562,0.27879084,0.10472722,0.18326233,0.26725262,0.11845335,0.33207018,0.21238869,0.11782698,0.09817642,0.06471946,0.35780486,0.33060706,0.24404109
2.27,0.01496516,0.01769031,0.01002089,0.01001553,0.01006013,0.01741931,0.14687915,0.30672293,0.14760813,0.1541185,0.03757846,0.03394597,0.1376744,0.28015782,0.03019506,0.04415669,0.01003271,0.03842442,0.05623842,0.07244172,0.01063995,0.02972675,0.07617233,0.09025097,0.27187009,0.06933451,0.04035448,0.13752917,0.30758119,0.18279876,0.3846255,0.16831934,0.45197404,0.20811322,0.11681589,0.27493354,0.06408207,0.18026786,0.29137133,0.20316578,0.0120443,0.01201038,0.01387514,0.01213184,0.014928,0.02978189,0.10624862,0.20964643,0.09978404,0.08901872,0.01970486,0.03046824,0.15570698,0.20125301,0.02665124,0.11832066,0.04737135,0.01723064,0.01725242,0.01781352,0.01711942,0.0173187,0.02789391,0.01017039,0.1461697,0.04471382,0.0685959,0.26188991,0.19033924,0.15272301,0.24421849,0.1296531,0.3866748,0.17699198,0.1431548,0.1537878,0.05394408,0.29817483,0.27550793,0.20336822
2.28,0.01251501,0.01475569,0.01210341,0.01267003,0.01199692,0.01454809,0.12240815,0.25560648,0.12301791,0.12844477,0.03133549,0.02829832,0.16474647,0.39375692,0.03476147,0.0369182,0.01205359,0.08658322,0.12347804,0.15305325,0.02323011,0.06058642,0.11488263,0.07521528,0.22656473,0.05782986,0.04148821,0.15905865,0.25632276,0.15234052,0.32052815,0.14027067,0.37664809,0.17343362,0.11071189,0.22911515,0.05340771,0.31258367,0.35353563,0.3513514,0.01005329,0.01002168,0.01157015,0.01011587,0.01244955,0.02491589,0.09978089,0.17472423,0.08321414,0.07421894,0.01642833,0.02539494,0.13605931,0.16771922,0.02221901,0.09860817,0.03948362,0.01436143,0.01438153,0.01485043,0.01427393,0.01444085,0.02325554,0.01010483,0.12181448,0.08855126,0.0699362,0.2182533,0.16992265,0.1272714,0.20661047,0.1080991,0.32223396,0.15903158,0.11932141,0.12816053,0.06296863,0.28623861,0.26683275,0.26406441
2.29,0.01049644,0.0123136,0.01011225,0.01057286,0.01008165,0.01216551,0.17492392,0.23457631,0.13687832,0.12974174,0.02613028,0.02359099,0.16174696,0.32822722,0.02898967,0.03077469,0.01005929,0.07216617,0.10291955,0.12757729,0.0194147,0.05060478,0.09580627,0.06269103,0.18883321,0.0825443,0.11501848,0.22129059,0.21363856,0.12695295,0.26715244,0.17140325,0.41732713,0.14453095,0.09228109,0.25493884,0.0445099,0.26048674,0.29461317,0.29279309,0.01446355,0.01441835,0.01004548,0.01004016,0.01052669,0.06974921,0.39524197,0.14564011,0.06940849,0.06451943,0.01371807,0.02117186,0.1133844,0.13976719,0.01852566,0.08217867,0.03291051,0.01198785,0.01199694,0.01238206,0.01197356,0.0120499,0.01939245,0.10836087,0.10153273,0.07379816,0.05830739,0.21675226,0.19971087,0.10606174,0.17219366,0.1372687,0.38538844,0.13252696,0.09950097,0.10681213,0.05251165,0.23853616,0.22236262,0.22005406
2.3,0.01007711,0.01028103,0.01005467,0.01003455,0.0100787,0.01044839,0.1457719,0.1954949,0.11407576,0.10812611,0.021791,0.01966679,0.13480002,0.27353067,0.02421499,0.02567213,0.01007412,0.06014493,0.08578126,0.10636435,0.0161991,0.04220268,0.07988959,0.05226038,0.15736829,0.1840284,0.09592448,0.22471325,0.17803997,0.26113756,0.22270027,0.1428366,0.34777692,0.18533749,0.07724217,0.21245215,0.03709909,0.21707848,0.34817294,0.24399918,0.01207404,0.01202423,0.01436907,0.01208745,0.01432007,0.05823332,0.32941263,0.12138149,0.22073157,0.17754199,0.01143976,0.01764642,0.22921596,0.31261376,0.01548664,0.06873593,0.07384174,0.01000684,0.01001338,0.01032761,0.01002142,0.01005459,0.01617262,0.09034289,0.08461563,0.08056835,0.05291274,0.24866656,0.16643489,0.08838639,0.14350615,0.15679717,0.32116237,0.11043992,0.08293639,0.30123467,0.07488047,0.25572383,0.2456027,0.18338061
2.31,0.01009413,0.01005998,0.01005128,0.01003975,0.01006974,0.01021537,0.12148322,0.16291719,0.09507381,0.09012592,0.05668957,0.07576747,0.11233761,0.22794687,0.02028461,0.02143686,0.01004315,0.05014496,0.07154825,0.08885472,0.01356494,0.03529734,0.06700281,0.04355622,0.13115178,0.15336111,0.0799396,0.20839026,0.14837553,0.21762049,0.18559266,0.11903512,0.28981544,0.15445169,0.06939075,0.17705435,0.10628314,0.32064183,0.40925164,0.35936934,0.0100707,0.0100265,0.0119801,0.01008058,0.01193991,0.04853693,0.32083825,0.36077026,0.18395191,0.14797229,0.05323573,0.08042256,0.22557759,0.37031136,0.01295468,0.05728632,0.06153741,0.01005591,0.01420721,0.01640841,0.01010974,0.0169052,0.02355814,0.07532194,0.11847608,0.06714244,0.04409491,0.20724104,0.32592352,0.07365775,0.57042419,0.21465893,0.42438038,0.09203486,0.13562602,0.25103902,0.11706954,0.21310433,0.20466936,0.15281753
2.32,0.01010172,0.01007036,0.01025107,0.01056957,0.01015026,0.01014629,0.17515942,0.13577617,0.07979566,0.07513951,0.04794631,0.06341273,0.24919608,0.48208404,0.03775996,0.0332616,0.01043383,0.04192552,0.05994575,0.07904375,0.01271938,0.02982456,0.05614633,0.0363075,0.10930134,0.12781597,0.06662684,0.19117118,0.1236528,0.1813541,0.15467275,0.16743631,0.24153194,0.12871483,0.0578367,0.16460184,0.08858892,0.26720199,0.34104328,0.29947479,0.01203927,0.01250603,0.01003762,0.01004496,0.01005062,0.0404728,0.26736836,0.30065039,0.15330709,0.12332396,0.04439843,0.06711703,0.18799602,0.30862361,0.01081321,0.04774298,0.05128467,0.0121084,0.01209274,0.01369225,0.01298486,0.01440491,0.01966257,0.06283137,0.09880505,0.05597177,0.12111317,0.22802828,0.32075871,0.39556426,0.47536636,0.17888357,0.35365363,0.36455554,0.11303078,0.20921253,0.09756519,0.22179119,0.35167305,0.12736073
2.33,0.01071651,0.01052569,0.01028622,0.01015627,0.01055123,0.01201192,0.14596781,0.11317509,0.06650822,0.06263092,0.04001516,0.05289902,0.20770559,0.40180143,0.03151186,0.02774573,0.01038483,0.03495496,0.04998441,0.06591384,0.01066233,0.02491444,0.04685409,0.03028521,0.0910942,0.10653223,0.07950134,0.20205329,0.1030523,0.48860944,0.12892461,0.1395313,0.45149167,0.69825485,0.12600374,0.13717329,0.07384428,0.25409909,0.78028912,0.32777064,0.01009367,0.01043256,0.01004638,0.01002917,0.01007485,0.03529963,0.22281134,0.25054579,0.12776177,0.10277779,0.03703237,0.05593921,0.24804877,0.32105808,0.01005274,0.03981429,0.04276149,0.01009402,0.010086,0.01142233,0.01083035,0.01201656,0.01639826,0.0523676,0.08234156,0.14587874,0.10096953,0.20883583,0.26730609,0.3296534,0.39614467,0.14907123,0.29471344,0.36146235,0.09421016,0.17434604,0.08131368,0.18486826,0.54600146,0.39794159
2.34,0.01007424,0.01005388,0.01005569,0.01005243,0.0100632,0.01017507,0.12164394,0.09431756,0.05543187,0.05220111,0.0334607,0.07552102,0.24274513,0.41369206,0.02635912,0.02316875,0.01004451,0.0846826,0.11400032,0.10581809,0.02161687,0.09002913,0.12714061,0.02524399,0.07592052,0.09995699,0.15575439,0.18360539,0.08588321,0.40720407,0.1074451,0.11627836,0.3762457,0.63414487,0.11502506,0.11431464,0.06160334,0.2928667,0.92673169,0.34477633,0.0100566,0.01002668,0.01005125,0.01003774,0.01006613,0.02950861,0.18568502,0.20879391,0.10647699,0.08565624,0.03090796,0.04918874,0.20671897,0.26755425,0.01018311,0.06874598,0.03569431,0.01001331,0.01003123,0.01006567,0.01003453,0.01008045,0.01368772,0.04365111,0.06862288,0.12157257,0.08414869,0.1851038,0.2227621,0.27471732,0.33012606,0.12422779,0.24560033,0.30122221,0.07851793,0.1452928,0.07496326,0.25871407,0.47619501,0.3316245
2.35,0.01003939,0.01002573,0.01003899,0.01004368,0.01004238,0.01008512,0.10137664,0.07860432,0.04619963,0.04350882,0.02796329,0.0629774,0.20229637,0.34475024,0.18313066,0.18248428,0.01004803,0.17186428,0.19528719,0.22017348,0.02436616,0.0755923,0.10606908,0.02104466,0.06327339,0.08331734,0.12989285,0.15303134,0.07157421,0.33934996,0.08954435,0.09690477,0.38694195,0.52845939,0.0958862,0.09526507,0.05136726,0.28772686,0.91536353,0.32386519,0.01007198,0.01003883,0.01007619,0.01005033,0.01010616,0.02471214,0.20448249,0.17400063,0.08874069,0.07139752,0.05201444,0.04099314,0.17227032,0.22296457,0.01017867,0.10145849,0.14432155,0.01001374,0.01002968,0.01006884,0.01003854,0.01005899,0.01144938,0.0363983,0.05719113,0.10131467,0.0701266,0.15426078,0.18564116,0.22893494,0.27510999,0.10354181,0.20467356,0.25102012,0.06545166,0.12108486,0.07333052,0.21559873,0.39683151,0.27635571
2.36,0.01030822,0.01024124,0.03559504,0.04304319,0.01060541,0.01026236,0.08449256,0.06550996,0.03852083,0.03628193,0.02379934,0.05253165,0.16858439,0.28729621,0.15330366,0.28006816,0.08852983,0.14673478,0.16287013,0.18353363,0.02946381,0.06310435,0.08844154,0.01755014,0.05273342,0.06954479,0.1472692,0.12759452,0.05964958,0.28280201,0.0746259,0.08075695,0.32245518,0.44038612,0.07991892,0.07939605,0.04283266,0.23977624,0.84928931,0.26988999,0.01455745,0.01444558,0.03108774,0.02991967,0.02974574,0.02065976,0.23190923,0.14500711,0.11915582,0.10038196,0.04344921,0.03628226,0.14356413,0.18580821,0.04443181,0.19119967,0.21691212,0.01201205,0.01202845,0.01209287,0.01202433,0.01184273,0.01053577,0.0303921,0.04766567,0.08443374,0.05845663,0.17396047,0.15470689,0.19078193,0.22926297,0.26135149,0.17063662,0.20918439,0.05455467,0.10095679,0.06111339,0.17967629,0.33069571,0.23030042
2.37,0.0101274,0.01004501,0.02999783,0.03591189,0.02169168,0.01055822,0.07192358,0.05459825,0.03212014,0.03025687,0.01987988,0.04378634,0.14050244,0.25148942,0.20199291,0.32914613,0.10486229,0.12229285,0.13576058,0.15300258,0.02459198,0.05262828,0.07374367,0.01463999,0.04394979,0.06942382,0.12685977,0.10634908,0.04971252,0.23567272,0.06219406,0.07154924,0.33973041,0.36699079,0.06662245,0.06617035,0.03570238,0.201295,0.70774257,0.22938461,0.01214152,0.01204503,0.02591133,0.02493704,0.02479466,0.01723292,0.26284211,0.12087421,0.14316584,0.11822682,0.03635433,0.03023639,0.1771374,0.21379511,0.03704125,0.15934082,0.1807641,0.01001921,0.01004188,0.01010795,0.01004858,0.01004045,0.01006907,0.02542403,0.0397373,0.07907312,0.04871878,0.20314218,0.17828808,0.15898657,0.19108305,0.25001628,0.14222295,0.17432159,0.06485321,0.28365327,0.05095768,0.14973099,0.27558003,0.19191745
2.38,0.01204552,0.01201396,0.02501474,0.02993633,0.01811865,0.01220574,0.0599734,0.04551039,0.02680684,0.02526087,0.01862013,0.03840523,0.1171009,0.21581654,0.16834587,0.27429688,0.08739339,0.10192642,0.11316134,0.12752468,0.02053878,0.04391136,0.06149815,0.01223589,0.03663536,0.0578986,0.11002256,0.116251,0.04143498,0.19639793,0.0518377,0.05963,0.28311442,0.30582733,0.05554841,0.05515689,0.03016938,0.1677468,0.58978645,0.19115449,0.01012692,0.01004525,0.02159672,0.02078469,0.02066718,0.01437015,0.2191111,0.37879593,0.11931826,0.09855183,0.05353928,0.03122932,0.14762166,0.17816718,0.0308851,0.13279122,0.15063984,0.01441763,0.01486505,0.02100535,0.01443628,0.02047613,0.03144842,0.0296315,0.1282004,0.06589625,0.04060141,0.1693392,0.20655726,0.13251388,0.56054362,0.20835018,0.37086895,0.14527015,0.05418635,0.24179925,0.04730864,0.12477799,0.22965107,0.15993296
2.39,0.01005825,0.01002427,0.02085495,0.0249535,0.0151143,0.010215,0.05028861,0.03793748,0.0223986,0.02112195,0.01558946,0.03201109,0.09759563,0.21907757,0.14039943,0.22861468,0.07283437,0.08495538,0.09453982,0.1908338,0.01715309,0.03672407,0.09905285,0.0102192,0.03053785,0.04840006,0.11236254,0.09689073,0.03453554,0.16366748,0.04320874,0.04970307,0.23597239,0.25485713,0.04637163,0.0459859,0.02514878,0.19344874,0.49148968,0.25209954,0.01214021,0.01201877,0.01801057,0.01732949,0.01726236,0.10070297,0.18806035,0.31566831,0.10152159,0.08224974,0.04465223,0.02602566,0.12303778,0.14849493,0.0257508,0.11067929,0.19852824,0.01201792,0.01239324,0.01751324,0.01203946,0.01707272,0.02621847,0.02472849,0.10683829,0.09082386,0.03985826,0.2445005,0.17214358,0.12045794,0.46712637,0.17363285,0.30906229,0.12105987,0.04516173,0.20152023,0.03942944,0.20637521,0.22993236,0.24750414
2.4,0.01212722,0.01221733,0.0173862,0.02079936,0.01261482,0.01239923,0.17773041,0.03165757,0.13387096,0.10785717,0.01308043,0.02670212,0.11058364,0.2932694,0.11700783,0.19051602,0.06069879,0.07081048,0.07880062,0.15904003,0.01435457,0.03068747,0.08257912,0.01063865,0.15378206,0.08072289,0.09813228,0.25213676,0.028856,0.13639067,0.03603006,0.17496287,0.19668513,0.21238197,0.0595767,0.18835704,0.0209701,0.16120817,0.409575,0.21008373,0.01013575,0.01002872,0.01501539,0.01444669,0.01439559,0.08393981,0.25232044,0.4063892,0.08775948,0.08142594,0.05677997,0.05803887,0.13455741,0.15373589,0.02147635,0.09224881,0.16544606,0.01002201,0.0103395,0.01461258,0.01005225,0.01424432,0.02187283,0.02063781,0.08904033,0.07569142,0.0332171,0.2039047,0.1434806,0.10038339,0.38931318,0.17704305,0.40278374,0.10088607,0.03767093,0.23202148,0.16782035,0.17198027,0.19161066,0.2062541
2.41,0.01012306,0.01019099,0.014493,0.01733595,0.01052154,0.0103867,0.14817355,0.47849931,0.1311047,0.1087152,0.01102832,0.02226007,0.09215718,0.24440198,0.09751669,0.1587681,0.05058505,0.0590155,0.06568428,0.13256294,0.01198244,0.02562605,0.09426406,0.08476247,0.24001488,0.06745955,0.09186612,0.21021254,0.35990613,0.11453308,0.60691032,0.14581495,0.49343806,0.17698722,0.11612682,0.19327994,0.01748475,0.13434596,0.34131457,0.17508121,0.01077026,0.01197605,0.01252065,0.01204638,0.01201089,0.06997419,0.21028763,0.33868052,0.07320694,0.0680052,0.04737033,0.04838239,0.11213419,0.12811523,0.01791029,0.07688158,0.13787715,0.01199521,0.01198319,0.01220388,0.01199161,0.01201654,0.01826345,0.11294806,0.07423701,0.06310084,0.02769127,0.21752467,0.3234303,0.1231749,0.43887408,0.14753734,0.33566263,0.08407302,0.03141273,0.24948251,0.13989853,0.1433243,0.15968217,0.17188508
2.42,0.01012014,0.01009269,0.01209164,0.01445495,0.01007726,0.01021802,0.12354236,0.39875364,0.10926415,0.09060816,0.01147668,0.01883106,0.19844428,0.31341739,0.08129997,0.13232238,0.04215987,0.13105714,0.1345397,0.11059393,0.02209794,0.08447958,0.07904803,0.07064664,0.20002277,0.05637377,0.12262821,0.19455729,0.29992744,0.09544668,0.50576419,0.15741776,0.41120389,0.14753612,0.11746256,0.16107154,0.01460059,0.25983537,0.28442959,0.3606224,0.01001887,0.01001049,0.01044964,0.01005218,0.01005885,0.05839331,0.17530859,0.28224014,0.15792557,0.10000759,0.05377244,0.07883566,0.13977629,0.15001154,0.01495498,0.11787789,0.14147173,0.01000567,0.01001359,0.01019446,0.01001564,0.01003629,0.01523876,0.09413668,0.06186933,0.10718682,0.02314385,0.1812873,0.26953423,0.10265125,0.36574194,0.12642418,0.2797243,0.10157723,0.02618838,0.20791284,0.13296842,0.13021808,0.13366697,0.15290922
2.43,0.01006523,0.01004576,0.0101225,0.01205758,0.01007502,0.01008217,0.14882761,0.33231091,0.09108782,0.07553687,0.01037309,0.01573444,0.16538867,0.26119512,0.06784506,0.11029409,0.03514096,0.1093091,0.11481539,0.16589905,0.02603755,0.07783758,0.10759284,0.0588973,0.16669568,0.14049941,0.10225409,0.17891702,0.24994638,0.07955677,0.42147821,0.15126298,0.44751958,0.12295026,0.09790625,0.13423376,0.01219301,0.21653372,0.23702652,0.30052256,0.01238556,0.02684972,0.01188711,0.01198688,0.01170907,0.04870946,0.14610214,0.23522066,0.13162618,0.08336402,0.04490035,0.06586508,0.11648651,0.12501349,0.01248344,0.09823915,0.11790147,0.01200916,0.01201508,0.01200385,0.0120306,0.01206249,0.01279305,0.08218873,0.05353388,0.08933347,0.01929221,0.15876555,0.22470905,0.1552397,0.3047993,0.10535556,0.32988332,0.08464945,0.02190956,0.17327704,0.11082955,0.10851885,0.11139091,0.12742735
2.44,0.01006461,0.01004332,0.01003259,0.01006656,0.0100515,0.01028374,0.12405107,0.27693286,0.07594548,0.06301199,0.01147477,0.01326543,0.14712592,0.26304602,0.05658656,0.09193361,0.02929779,0.09109964,0.09569917,0.13828522,0.02172665,0.06489955,0.08969805,0.04910227,0.13892176,0.1171189,0.09547559,0.14912964,0.20829635,0.06632268,0.35123945,0.1260746,0.37293711,0.34417935,0.0816895,0.13307068,0.01028291,0.24349854,0.2644393,0.32668541,0.01037774,0.02239464,0.01003028,0.01002167,0.01005954,0.1231576,0.12195899,0.19602881,0.14897914,0.1024741,0.03745921,0.05492666,0.09720015,0.14483367,0.0104192,0.08187673,0.09826934,0.01001375,0.01002588,0.01003655,0.01004251,0.01007709,0.01069008,0.06853835,0.04462637,0.10788436,0.05724265,0.13233001,0.22477391,0.1293926,0.25402733,0.0878086,0.27490703,0.14933812,0.01827412,0.15171864,0.09237299,0.12927796,0.14248764,0.15163379
2.45,0.01032731,0.01022808,0.01785276,0.04337113,0.01089008,0.01028935,0.12053817,0.23078549,0.0633002,0.05252456,0.01263145,0.03766076,0.12263265,0.21927269,0.09167847,0.18324388,0.08525994,0.13583651,0.10656643,0.11534459,0.02356417,0.05421736,0.07485436,0.04094382,0.11577574,0.10572641,0.14545831,0.12433741,0.17358574,0.05530534,0.29270551,0.10634805,0.41469925,0.28689467,0.06809146,0.11089591,0.01243569,0.20293686,0.23914726,0.27225586,0.02175663,0.01980856,0.04339828,0.01782613,0.04569093,0.10268749,0.11946256,0.16336897,0.12416332,0.08540543,0.03129864,0.04585664,0.08552433,0.15670664,0.0124824,0.06834457,0.09760219,0.01201562,0.01204435,0.01205687,0.01201989,0.01200627,0.01205657,0.05719952,0.03720227,0.08992238,0.04783427,0.11031051,0.18732194,0.10804122,0.21169964,0.07787244,0.32703905,0.19569419,0.01526096,0.12643794,0.07699893,0.10776315,0.12413572,0.12639608
2.46,0.01198851,0.01190563,0.01511104,0.0361952,0.01247041,0.01241207,0.10047282,0.19233094,0.05279642,0.04380875,0.01068412,0.03142732,0.11714029,0.23592471,0.0765306,0.15276432,0.0715067,0.11321171,0.08884099,0.09618595,0.01969651,0.04523949,0.06244167,0.0341491,0.096488,0.08990783,0.12139353,0.13385759,0.14466187,0.07105434,0.24392884,0.08863486,0.34558614,0.37154539,0.05686364,0.09242269,0.01039754,0.18520061,0.28313385,0.24488084,0.02581729,0.01668934,0.03631014,0.01490105,0.05994462,0.11891731,0.109179,0.13615527,0.10976748,0.07124885,0.02613023,0.03825169,0.08072395,0.16038549,0.0104994,0.05699812,0.18010124,0.01004778,0.01009419,0.01013992,0.01012863,0.0101558,0.01022747,0.04781348,0.03101531,0.07977572,0.05614983,0.09534413,0.15613162,0.14137524,0.17643217,0.06489964,0.2725366,0.20284112,0.01274126,0.10538169,0.06418263,0.09694521,0.14299042,0.11724911
2.47,0.01016273,0.01008228,0.01265662,0.03019756,0.01050033,0.01064376,0.08378461,0.1602869,0.04401383,0.0365301,0.01051125,0.03029152,0.10566772,0.21231495,0.09593735,0.15326238,0.05969569,0.09436421,0.07412285,0.10853612,0.01647214,0.03779029,0.05237331,0.02848359,0.08041496,0.07498101,0.101201,0.12074619,0.12055856,0.05933227,0.20328301,0.07387299,0.28800363,0.33262156,0.04741326,0.07702439,0.01010043,0.15438456,0.30694623,0.20411892,0.02157076,0.01393667,0.0303111,0.01245666,0.05001888,0.09920265,0.09101043,0.11347956,0.09148501,0.0593913,0.02199907,0.0321118,0.08204992,0.14823189,0.01061416,0.04768951,0.15015832,0.01003825,0.01008467,0.01018481,0.01010019,0.01015007,0.01027896,0.03991724,0.0258616,0.06650346,0.04682161,0.08899817,0.1301343,0.14394703,0.14704769,0.05410215,0.22712616,0.2071846,0.01068796,0.08782771,0.05457337,0.08088145,0.17290033,0.09782075
2.48,0.0101882,0.01011054,0.01092689,0.02533821,0.01037489,0.01048079,0.07033043,0.13358568,0.03670992,0.03048418,0.01471868,0.02541529,0.11696985,0.21770898,0.1090243,0.18120999,0.05764361,0.07870646,0.06209342,0.09401929,0.01389881,0.03173995,0.0441291,0.02377392,0.06702152,0.06252144,0.08436839,0.10094039,0.1004727,0.04945614,0.16941205,0.06165048,0.24001036,0.3599959,0.03961799,0.06419822,0.01331586,0.14310456,0.29826889,0.18652561,0.01804301,0.01165465,0.02531666,0.01043998,0.04174977,0.08277391,0.07593162,0.09458641,0.0955042,0.04954388,0.02023253,0.03515644,0.08185491,0.13819854,0.01083586,0.03984843,0.12518633,0.01004982,0.01012215,0.01035599,0.01012733,0.01022471,0.01057379,0.03334967,0.02157461,0.0554384,0.039033,0.07429847,0.10848404,0.1200541,0.12256509,0.04509286,0.18927893,0.20058327,0.0105824,0.07321645,0.06557796,0.07791678,0.17840545,0.10541092
2.49,0.01023956,0.01013536,0.01652838,0.03839387,0.01068981,0.010483,0.0970841,0.11133708,0.03061727,0.02544359,0.01672135,0.03673679,0.1005699,0.19075387,0.12072832,0.21247243,0.12048429,0.07255385,0.08912469,0.10580843,0.01523187,0.02831709,0.03957547,0.01986583,0.05586141,0.05215287,0.07036358,0.0843981,0.08373505,0.04125051,0.14118726,0.14733667,0.20002999,0.3135864,0.03306313,0.05350749,0.02606934,0.11935638,0.26986355,0.15557082,0.02661386,0.03470103,0.02236798,0.0110538,0.03640655,0.06936226,0.07794379,0.07884616,0.07959568,0.04132047,0.02244031,0.04186918,0.07794845,0.12587088,0.01069078,0.03331204,0.10461061,0.01009433,0.01019051,0.01032522,0.01024326,0.01033509,0.01053445,0.02824106,0.01801107,0.04622103,0.03255861,0.06198375,0.09044707,0.10010387,0.10216285,0.04851677,0.15774886,0.18649208,0.01036835,0.06103679,0.07128396,0.06529685,0.16543673,0.08823314
2.5,0.01025489,0.01013556,0.0297802,0.05859908,0.01124386,0.01052789,0.08126871,0.09279958,0.02555966,0.02126693,0.01465644,0.03067766,0.08409373,0.16874672,0.10939152,0.18618548,0.1109285,0.08418232,0.07802623,0.09171052,0.01797994,0.02676028,0.03518282,0.01663558,0.04656277,0.04355575,0.0687748,0.07049171,0.06978798,0.03438594,0.11766807,0.12283901,0.16670648,0.29374262,0.02764812,0.04460138,0.0217923,0.10394412,0.24843023,0.13595511,0.03607695,0.03288354,0.03247566,0.01344206,0.05633184,0.05879773,0.07651299,0.06573453,0.0664578,0.03449076,0.02155543,0.03724236,0.07226394,0.11748281,0.01116065,0.02795469,0.10470153,0.01012347,0.0102448,0.01041996,0.01031449,0.0104008,0.01059489,0.02637081,0.01504829,0.03854108,0.0271463,0.05342607,0.07543286,0.08654537,0.08516783,0.04044097,0.1314708,0.17384924,0.01035415,0.05089908,0.06155882,0.05534408,0.13858087,0.07448932
2.51,0.01040699,0.01023727,0.02517923,0.04904912,0.01108231,0.01068468,0.06790054,0.07735506,0.0213564,0.01780338,0.01262257,0.02571251,0.07023796,0.15610274,0.09146152,0.15529972,0.09259932,0.08011849,0.06579024,0.07685077,0.02334732,0.02673655,0.03081474,0.01398165,0.03881666,0.05319011,0.07950095,0.06036054,0.05816706,0.02944678,0.09807074,0.10248907,0.13894508,0.28731961,0.02318759,0.03717927,0.01821421,0.08712659,0.23180327,0.11621812,0.03088068,0.02775985,0.02735968,0.011479,0.04808427,0.07155208,0.07154075,0.05481478,0.05539578,0.02880339,0.01837648,0.03126544,0.06317333,0.1096053,0.0107981,0.02349598,0.12549384,0.01006903,0.01014643,0.01029135,0.01018185,0.01026037,0.01045342,0.02509279,0.01259547,0.03215326,0.02365212,0.05120883,0.06300084,0.08591268,0.0710211,0.03372597,0.10957636,0.16286746,0.01028426,0.04244912,0.05138457,0.0466781,0.11605739,0.06255405
2.52,0.01030459,0.01017361,0.02149604,0.04138963,0.0107823,0.01057295,0.07745747,0.06448891,0.01787555,0.01495783,0.01153333,0.02151672,0.06184747,0.15345042,0.08392782,0.1472327,0.07767897,0.07738862,0.07193114,0.08293991,0.0225997,0.02831615,0.03437697,0.01187464,0.03236272,0.04477528,0.07663535,0.05065001,0.04848367,0.02455029,0.08174131,0.10266749,0.11581622,0.29111073,0.01948957,0.03099586,0.0152526,0.08304135,0.21430703,0.1096208,0.0286179,0.02439345,0.023086,0.01041411,0.0426092,0.0875142,0.05976463,0.04572285,0.0462225,0.02408658,0.01558505,0.02620166,0.05398862,0.09969712,0.01052812,0.01976444,0.10959023,0.01005692,0.01012007,0.01023372,0.01015127,0.01022126,0.01038704,0.02511688,0.01063167,0.02684023,0.01973949,0.05489394,0.05289166,0.07547179,0.05924904,0.02812096,0.09133311,0.15705601,0.01027216,0.03541154,0.04305322,0.0410006,0.10867943,0.05494202
2.53,0.01034572,0.0101949,0.02257514,0.04375867,0.01106116,0.01061377,0.08900884,0.05377227,0.01499715,0.01267512,0.01147767,0.0184014,0.06566236,0.15348375,0.09115395,0.15726543,0.08529308,0.08941418,0.07313383,0.08053322,0.02411362,0.0280528,0.03155084,0.01087493,0.02698634,0.03784798,0.06593515,0.04348568,0.04041522,0.02048754,0.06813504,0.11721977,0.09655933,0.29595173,0.01642329,0.02584499,0.01287621,0.07190116,0.19466863,0.09988072,0.02937708,0.02406147,0.01974047,0.01040197,0.03975265,0.0827504,0.0761797,0.03815643,0.03854263,0.02018921,0.01609859,0.03009399,0.05354316,0.0933203,0.01052132,0.01676748,0.09836402,0.01005867,0.01012382,0.01023921,0.01015559,0.01022885,0.0104063,0.02495166,0.01033354,0.02240508,0.01649798,0.04628287,0.04438266,0.06296055,0.04944793,0.02347266,0.07613694,0.16000193,0.01029293,0.02957711,0.06598732,0.03813605,0.10213023,0.05201673
2.54,0.01037167,0.01020359,0.03314342,0.06805519,0.01150372,0.0106495,0.09004399,0.04484812,0.01265091,0.01109452,0.01268427,0.01577237,0.06130977,0.14493236,0.09002812,0.16068717,0.10679109,0.09471988,0.07175942,0.07430052,0.02633573,0.02699661,0.02836146,0.01102289,0.022509,0.03181638,0.06303232,0.0364238,0.03369303,0.0170885,0.0567984,0.11323723,0.08052894,0.2894967,0.01391764,0.0215558,0.01250577,0.06376124,0.17820283,0.08716329,0.037288,0.04306191,0.02898565,0.01100452,0.04993125,0.07144894,0.0979869,0.03186495,0.03216056,0.0170039,0.02424521,0.04134164,0.05643854,0.08772822,0.01077853,0.01576891,0.10863662,0.01007917,0.01016606,0.01031455,0.01020569,0.01029167,0.01049762,0.02833261,0.01037876,0.01870711,0.01377656,0.03883017,0.03715448,0.05251825,0.04128354,0.01968042,0.06348374,0.1620103,0.01031968,0.02480301,0.07608635,0.03409217,0.08906176,0.04574768
2.55,0.01052849,0.0102734,0.02945428,0.0578627,0.01465311,0.01080104,0.07560701,0.03741904,0.01108283,0.01096974,0.01192019,0.01378284,0.05251922,0.13873593,0.08322468,0.15104488,0.09821718,0.09358324,0.06453021,0.06414642,0.02774311,0.02498377,0.02499369,0.01158572,0.0187829,0.02881481,0.06954897,0.03066382,0.0280935,0.01426682,0.04735355,0.10792404,0.06718471,0.28982478,0.01195152,0.01798596,0.01110096,0.06126575,0.17034482,0.08485879,0.04357081,0.04898249,0.04429553,0.01610133,0.06259746,0.06373151,0.09850772,0.02664105,0.02683921,0.01448238,0.02454233,0.03649916,0.05776799,0.08834966,0.01121942,0.02829153,0.12507176,0.01010246,0.01021046,0.01038328,0.01026177,0.01034937,0.01055442,0.03313223,0.01037064,0.01563333,0.01153306,0.03265143,0.03113653,0.04381493,0.03449738,0.01744392,0.05294826,0.16858911,0.0103128,0.02093901,0.06897337,0.03097944,0.0787051,0.04099178
2.56,0.01066465,0.01034233,0.02478538,0.04842164,0.0143751,0.01089777,0.06309901,0.0312379,0.01092748,0.01097289,0.01167036,0.01224124,0.04413691,0.13496779,0.07611998,0.14396753,0.08214538,0.09407962,0.0595818,0.05554472,0.02868499,0.02384399,0.02264264,0.01187107,0.01568671,0.03760921,0.07376476,0.02584008,0.02343063,0.01192684,0.0394861,0.08995601,0.05605599,0.29456644,0.01101421,0.01501847,0.01072574,0.06004304,0.17151085,0.08261332,0.03898074,0.04180545,0.03743595,0.01400098,0.05847829,0.06410984,0.08217394,0.02231456,0.02242143,0.01260965,0.02116714,0.03131314,0.05291217,0.09168579,0.01147166,0.02858339,0.13626614,0.01009413,0.0102016,0.01040787,0.01023933,0.01033172,0.01055766,0.03223072,0.0103207,0.01310719,0.01013148,0.02931485,0.02627599,0.0371633,0.02890698,0.01465582,0.04416938,0.17418167,0.01029814,0.01758922,0.05765787,0.03019908,0.07867862,0.03986069
2.57,0.01042511,0.01022096,0.02074841,0.04043012,0.01250314,0.01070523,0.05261907,0.02610015,0.01123834,0.01115569,0.01159557,0.01161712,0.03707412,0.14156851,0.08430271,0.13589806,0.06855315,0.09139622,0.07020308,0.07441844,0.02729503,0.0257359,0.02746359,0.01121687,0.01312628,0.03512174,0.07763916,0.02284076,0.01955066,0.01021427,0.03293455,0.07507302,0.04676624,0.31130737,0.01146655,0.01256412,0.01069645,0.06222568,0.17916316,0.08631034,0.03846678,0.03859466,0.03145584,0.01202967,0.05343099,0.07664173,0.07184756,0.01875097,0.01876037,0.01168559,0.01796149,0.02618702,0.04906272,0.09926827,0.01087848,0.02429612,0.12116854,0.01007863,0.01016525,0.01031342,0.01020589,0.0102891,0.01048555,0.03132025,0.01038026,0.01145823,0.01128046,0.05606426,0.03072629,0.03758782,0.02448109,0.01228324,0.03685282,0.18861202,0.01029084,0.01474565,0.04817352,0.03297119,0.09234607,0.04451009
2.58,0.01037789,0.01022147,0.01735301,0.03374429,0.01098809,0.01058612,0.04387841,0.02183781,0.01097736,0.01101505,0.01170734,0.0119128,0.04191609,0.15010142,0.07102085,0.11349103,0.05718347,0.09960298,0.07384116,0.06298441,0.02929466,0.03345593,0.0316918,0.01080801,0.01108347,0.03285382,0.08464229,0.06329245,0.01632935,0.01594989,0.02748004,0.06257076,0.03901617,0.32655936,0.02353961,0.01057606,0.01080667,0.06801691,0.18464963,0.09395915,0.03275954,0.03247072,0.02638828,0.01047812,0.04539872,0.0832641,0.05990676,0.01585524,0.01573613,0.01141445,0.01567595,0.02258491,0.05732518,0.10951069,0.0108645,0.0211012,0.10587917,0.01006093,0.0101378,0.0103162,0.01015788,0.01024451,0.01048112,0.02774217,0.01031798,0.01213972,0.0121755,0.05232746,0.03037164,0.03579947,0.02287759,0.01033078,0.0307594,0.20871886,0.01028883,0.01239844,0.0402958,0.03638788,0.10240406,0.05010423
2.59,0.01016011,0.0101005,0.01451675,0.02816596,0.01019454,0.01031885,0.03659107,0.01831898,0.01089068,0.01090243,0.01142037,0.01150617,0.03508392,0.15738999,0.05991756,0.09476137,0.04770346,0.0834038,0.0853616,0.11522858,0.02531858,0.04260532,0.04613694,0.01030657,0.010878,0.03398075,0.0897047,0.0529626,0.01366974,0.01717416,0.02293837,0.0521916,0.03255912,0.3387491,0.0204579,0.01019909,0.01058939,0.06377544,0.18333974,0.0890836,0.03435237,0.03009084,0.02226148,0.01023267,0.04348193,0.08671805,0.108218,0.01359365,0.01326054,0.01111612,0.0136922,0.01899471,0.06597486,0.11253927,0.01054696,0.01817819,0.14023579,0.01004128,0.01009392,0.01021639,0.01010871,0.01017257,0.01034987,0.03249416,0.01027345,0.01256166,0.01258812,0.04371926,0.02558372,0.0298674,0.01951778,0.01006413,0.02570451,0.21920719,0.01020936,0.01054848,0.07470705,0.0367198,0.10224909,0.05031809
2.6,0.01024917,0.0101439,0.01238781,0.02381449,0.01048846,0.01047611,0.0308109,0.01545167,0.01105005,0.0108542,0.01105512,0.0109081,0.03083419,0.16716486,0.09704117,0.15945976,0.04029172,0.08428639,0.07318305,0.0967253,0.02354471,0.03672265,0.03874098,0.01060976,0.01031047,0.05124227,0.08099108,0.04417766,0.01146873,0.01432803,0.01914637,0.10180495,0.02746303,0.35462872,0.01712173,0.01017543,0.01033473,0.05872972,0.15676034,0.08038866,0.0432256,0.04789513,0.03387278,0.01084263,0.06167826,0.07246737,0.13825176,0.01217551,0.01135115,0.01136179,0.02453578,0.03457839,0.07881266,0.11919932,0.01112684,0.03504136,0.14410834,0.01006841,0.01015464,0.01034135,0.01017194,0.01025752,0.01049416,0.03512773,0.01030535,0.01102748,0.01071022,0.03647252,0.02138953,0.02490446,0.01638944,0.022551,0.02173002,0.23710697,0.01026552,0.01079934,0.1012736,0.03549771,0.0968277,0.04848984
2.61,0.01032615,0.01019044,0.06097823,0.09569485,0.01178218,0.01037649,0.12819841,0.01323006,0.01089471,0.01096197,0.01201141,0.01235527,0.04816871,0.1758506,0.09710195,0.20157145,0.14014183,0.10797176,0.09954901,0.08254653,0.03718017,0.03372062,0.03254825,0.01110492,0.01031951,0.04293201,0.07667485,0.03686014,0.01016901,0.01195926,0.01598548,0.11592618,0.043312,0.37249352,0.01433733,0.01023397,0.01102811,0.0495799,0.14286084,0.0674668,0.04778757,0.06167265,0.06202058,0.04256277,0.0642133,0.06051608,0.14219622,0.01185756,0.0104403,0.01107754,0.0341197,0.07331553,0.0766189,0.11207471,0.01306587,0.04382623,0.12935125,0.01009165,0.01020881,0.01047283,0.0102357,0.01034137,0.01062725,0.03474847,0.01035781,0.01039745,0.0102186,0.0304301,0.01787695,0.02076845,0.01375818,0.11703316,0.04352559,0.23027101,0.01030194,0.01122447,0.10038989,0.03327284,0.08884161,0.04460896
2.62,0.01223827,0.01059648,0.05144635,0.07981699,0.02556232,0.01110547,0.10684153,0.01174019,0.01135352,0.01123128,0.01160785,0.01161462,0.04032223,0.19807482,0.10934333,0.1718857,0.11739905,0.09001082,0.08308898,0.06971566,0.03109579,0.02831214,0.02730624,0.01718334,0.01014607,0.03788936,0.0793944,0.0307781,0.01012004,0.01002234,0.0133571,0.09661156,0.03617979,0.4091254,0.01200238,0.01032897,0.01069375,0.06085645,0.17910506,0.08545278,0.05365544,0.0630016,0.08880324,0.06145819,0.08001763,0.05053728,0.13206676,0.01181914,0.0104518,0.01271741,0.0304687,0.06146563,0.07707012,0.12277726,0.01991728,0.04912276,0.12353667,0.01536009,0.01457122,0.01207717,0.01519132,0.01279339,0.01124679,0.03288707,0.01053863,0.0101645,0.01006763,0.02539128,0.01494845,0.0173224,0.01158047,0.09755593,0.0455735,0.24430811,0.01053903,0.01991586,0.08389679,0.03414216,0.09288759,0.0462286
2.63,0.01085496,0.0102284,0.0429083,0.06653199,0.02137225,0.0111429,0.08907729,0.01125121,0.01125349,0.01114449,0.01159045,0.01146442,0.05333108,0.2310766,0.0912455,0.14327863,0.09785585,0.07502847,0.0693365,0.06393218,0.02597581,0.02379836,0.02318342,0.01451241,0.01011141,0.03363338,0.08737574,0.04110817,0.01009619,0.11768954,0.01120982,0.08051966,0.03016937,0.4243934,0.01038825,0.01030178,0.01074372,0.07386909,0.20769086,0.10358981,0.052926,0.05291015,0.07418935,0.05126815,0.07615434,0.04230339,0.11198181,0.01174748,0.01041918,0.01177517,0.02556893,0.05129687,0.07451546,0.13350844,0.01699129,0.04130067,0.11671279,0.01286745,0.01237606,0.01150483,0.01289501,0.01201824,0.01114713,0.0335905,0.01063772,0.01019101,0.01018123,0.02123871,0.0125532,0.01450493,0.01029675,0.08131447,0.03806184,0.24986827,0.01053627,0.01664976,0.06996094,0.03653286,0.10811758,0.04999058
2.64,0.01031329,0.01019464,0.03577645,0.0554548,0.01784803,0.01103606,0.0742349,0.01115595,0.0107543,0.01075565,0.01115808,0.01175159,0.04898591,0.23660414,0.07609057,0.11941749,0.08155829,0.06253951,0.05785881,0.05357035,0.02170191,0.02015275,0.0239462,0.01220572,0.01125017,0.03526089,0.08635525,0.09417497,0.01387594,0.19055735,0.01432959,0.06710226,0.02515262,0.35373694,0.03960946,0.01016872,0.01035773,0.07195451,0.23087534,0.10223332,0.04470559,0.04420359,0.06190293,0.04274986,0.06448434,0.09303116,0.09346557,0.01165065,0.01085978,0.01119877,0.02141853,0.04281409,0.07801642,0.14465431,0.01436136,0.03462685,0.10602153,0.01074852,0.01039781,0.01033546,0.01082401,0.01035619,0.01048841,0.03497165,0.01049952,0.01254782,0.03525816,0.07467165,0.01693467,0.06577195,0.01208824,0.06776891,0.03175669,0.26342396,0.01024976,0.01390796,0.05833414,0.0398892,0.11573796,0.0562074
2.65,0.01028028,0.01021059,0.02983669,0.04622644,0.01492456,0.01062021,0.06832116,0.01106285,0.01016784,0.01024523,0.01349263,0.03629301,0.04802587,0.19728755,0.0634876,0.09953864,0.06797831,0.05213627,0.04842862,0.04502515,0.01816631,0.01898313,0.03301608,0.01045197,0.01199635,0.02963167,0.07225528,0.10104837,0.01203737,0.15888389,0.01220772,0.05592878,0.02097292,0.29479104,0.03322,0.01005674,0.01649532,0.06178609,0.2233134,0.08753494,0.0373934,0.0368809,0.05166075,0.03565175,0.05410287,0.08008872,0.0797634,0.01159719,0.01087516,0.01071802,0.01806378,0.03578397,0.07755116,0.13961346,0.01273457,0.04114278,0.13806943,0.01004652,0.01012494,0.01035348,0.01012141,0.01021601,0.01050932,0.02977628,0.01028953,0.02575707,0.03334373,0.07710932,0.01437985,0.05486827,0.01409955,0.05649002,0.02650154,0.25540097,0.01022462,0.01162959,0.04871512,0.03943689,0.11658722,0.05456282
2.66,0.01011721,0.01004781,0.02490306,0.03854105,0.01269811,0.01031647,0.05693997,0.01011001,0.01014996,0.01023488,0.01686747,0.03039312,0.04002821,0.16881375,0.05367083,0.0829961,0.05666756,0.04346772,0.0421945,0.10055499,0.01523165,0.01629975,0.0282595,0.01015733,0.01007345,0.02481377,0.06134999,0.08805487,0.01009107,0.1324357,0.01023915,0.04661199,0.01749343,0.24566294,0.02773281,0.01006362,0.02570591,0.05172403,0.2139498,0.07311395,0.03126264,0.03076958,0.0431445,0.02974144,0.04542105,0.06701322,0.06653913,0.01142513,0.01062336,0.01104275,0.01755428,0.03508552,0.06842324,0.13380577,0.03017887,0.06323958,0.13014158,0.01006928,0.01025568,0.01815517,0.01015341,0.01031224,0.01134142,0.02515229,0.01015881,0.02156325,0.02781495,0.0643597,0.01206775,0.04584715,0.01203141,0.04708303,0.02212704,0.21323934,0.01023339,0.01034768,0.04225863,0.03823551,0.10607477,0.05374222
2.67,0.0101728,0.01009817,0.0207746,0.03212876,0.01078058,0.01057665,0.04766109,0.01080696,0.0101642,0.01042939,0.01469438,0.02537965,0.05164853,0.14071548,0.04475238,0.06917399,0.04723157,0.03624004,0.0352249,0.08384617,0.01284406,0.01400048,0.02376751,0.01049063,0.01025579,0.02092084,0.06280145,0.07343079,0.01036101,0.11036996,0.01117524,0.03885602,0.01459567,0.20472118,0.02343732,0.01006548,0.02147648,0.04311045,0.17829282,0.06093303,0.02728633,0.02577041,0.03605362,0.0248159,0.04793689,0.05634488,0.05548249,0.01027953,0.01018111,0.01035291,0.01512811,0.02934154,0.06244998,0.12277625,0.02526091,0.05275303,0.10856358,0.01022736,0.01078732,0.01550033,0.01037236,0.01043471,0.01072186,0.02137063,0.01011047,0.01817148,0.02394335,0.05366376,0.0101778,0.12597245,0.01019645,0.03924574,0.01847407,0.17772679,0.01017814,0.01008223,0.03530543,0.03805929,0.08966342,0.04789984
2.68,0.01063066,0.01016661,0.01733333,0.02678469,0.01434592,0.01107968,0.03972711,0.01011169,0.04170771,0.01013641,0.01349534,0.02120284,0.04304945,0.11726746,0.03731223,0.05765311,0.0393667,0.03021767,0.0294024,0.0699112,0.0118022,0.0119865,0.01992905,0.0102079,0.01009956,0.01767992,0.06641493,0.06782237,0.01009501,0.09604132,0.01010633,0.03238685,0.01218064,0.17060213,0.01971553,0.01750363,0.01797728,0.03593175,0.1669523,0.05078202,0.03677954,0.05413157,0.03007854,0.02069671,0.04005116,0.05310302,0.04625307,0.01241198,0.0119964,0.01197845,0.01368004,0.02644821,0.05213134,0.10452879,0.02109415,0.0439818,0.09049586,0.01011129,0.01029725,0.01312904,0.01026741,0.01048742,0.01126698,0.01994083,0.01071175,0.01535457,0.01997849,0.12242634,0.01753635,0.14477295,0.0265925,0.03271048,0.01542039,0.1481327,0.01043764,0.01079977,0.0392456,0.03173615,0.07472463,0.03993017
2.69,0.0120203,0.01213165,0.01445737,0.02232773,0.01204422,0.0121204,0.15527183,0.01017696,0.15798744,0.05530621,0.01142853,0.01768982,0.04958831,0.13058625,0.03110591,0.04804975,0.03281039,0.02519442,0.02453551,0.05829496,0.0101199,0.01024546,0.01677232,0.01019231,0.01090433,0.09688928,0.06698197,0.064169,0.20462075,0.08003544,0.01026981,0.18007189,0.01017637,0.14216952,0.02114714,0.24440482,0.01500479,0.02994607,0.13912767,0.04232036,0.04188308,0.10900552,0.02509779,0.01726364,0.03348046,0.11900144,0.03856224,0.01062595,0.01042467,0.01078316,0.01843101,0.02725062,0.07495861,0.11349913,0.01761976,0.03667151,0.07544144,0.01005753,0.01017076,0.01140397,0.01014078,0.0103166,0.01204217,0.01687862,0.01943268,0.01294102,0.01669248,0.12923368,0.16398243,0.12067637,0.06635803,0.0272647,0.01287157,0.12346086,0.0119846,0.0103361,0.05063697,0.02647559,0.06228167,0.03329472
2.7,0.01006939,0.01013773,0.0120593,0.01861335,0.01008654,0.01015216,0.15270285,0.27255083,0.13170381,0.07670298,0.01029527,0.01478078,0.08662095,0.12670504,0.02593389,0.04004683,0.02734622,0.02103686,0.02057167,0.04864733,0.02030418,0.06971669,0.0806,0.0956276,0.29144402,0.08082607,0.05582922,0.12006268,0.1813492,0.20585883,0.31742905,0.15008165,0.08462911,0.11847952,0.06048263,0.20470917,0.01260663,0.02495706,0.11594091,0.03526834,0.06986256,0.13239319,0.02096031,0.01440838,0.02805739,0.10118446,0.03219222,0.03978643,0.01296191,0.01805403,0.01975102,0.02610319,0.06927073,0.09891491,0.01472957,0.0305819,0.06290377,0.01004284,0.01012308,0.01062723,0.01011101,0.01028634,0.01207694,0.06568753,0.02125458,0.01098935,0.01394094,0.10773885,0.13679234,0.10057493,0.08057277,0.02273477,0.01077873,0.10290782,0.01090631,0.07615655,0.04924053,0.02207695,0.05190527,0.02775503
2.71,0.01811433,0.11471558,0.0100783,0.01552101,0.01014829,0.0409839,0.12726476,0.22713466,0.10976733,0.06393034,0.02672857,0.03787881,0.08735707,0.17290908,0.02162465,0.03337823,0.02279437,0.01754036,0.0171651,0.04056761,0.01695141,0.05813332,0.06720803,0.07971319,0.24291215,0.06738399,0.05280481,0.10586992,0.25449311,0.17159859,0.26454232,0.12507861,0.07052964,0.23538722,0.05057906,0.17059626,0.03950296,0.02081714,0.17980565,0.02940665,0.05849758,0.11038903,0.02050998,0.01214542,0.04521804,0.08442639,0.04165494,0.03344277,0.0114728,0.01591287,0.0180906,0.02435067,0.07221215,0.10252662,0.01237751,0.02553388,0.0527173,0.01004367,0.01010514,0.01023282,0.01011841,0.01020148,0.01059294,0.05530532,0.01779143,0.01048269,0.01169425,0.08982316,0.11402459,0.08382056,0.06720723,0.01905315,0.01073071,0.08578709,0.01016599,0.06357402,0.04236884,0.01842091,0.04326251,0.02314479
2.72,0.01513246,0.09560704,0.01066999,0.01423353,0.01024449,0.03420112,0.12752867,0.18929074,0.09330644,0.05349268,0.02233774,0.03160748,0.07597712,0.16405064,0.01809769,0.02784199,0.01901612,0.01469826,0.01522736,0.03406385,0.01426386,0.0485162,0.0560855,0.06645123,0.2024375,0.08558994,0.06671416,0.08824861,0.21208781,0.16988343,0.22046345,0.1248321,0.05879439,0.19666726,0.04216189,0.15295961,0.0329423,0.01754522,0.14984649,0.02461189,0.04879723,0.09201023,0.01747254,0.01345636,0.03778005,0.07039934,0.07905822,0.02893184,0.01248278,0.01555077,0.0161324,0.02083383,0.07203422,0.10182746,0.01129381,0.02144452,0.04404931,0.01274299,0.01214729,0.01129846,0.01271802,0.01254749,0.01239588,0.04623987,0.01489157,0.01027747,0.01011952,0.07491621,0.09504615,0.06985949,0.05607288,0.07404572,0.0270692,0.08217699,0.01151269,0.0531386,0.03541241,0.01537444,0.0360588,0.01930287
2.73,0.02136609,0.09283199,0.01228719,0.01210557,0.01460665,0.02867168,0.10627959,0.15775603,0.07776669,0.04459795,0.02093754,0.02917295,0.08609198,0.1776159,0.01510558,0.02321289,0.01586025,0.01228292,0.01273142,0.0284159,0.0120105,0.04048951,0.04678379,0.05540961,0.16872908,0.07135922,0.05566804,0.07432338,0.17677131,0.22037287,0.18373582,0.10403106,0.04900621,0.27575488,0.04620781,0.12747003,0.03004683,0.01472024,0.138889,0.02057587,0.04071955,0.07669878,0.01513981,0.01431263,0.0316274,0.05872986,0.06592212,0.02434774,0.01161789,0.01336876,0.01367702,0.01754176,0.06393174,0.08734407,0.01863736,0.01899248,0.04642255,0.01206152,0.0134555,0.01894231,0.01202835,0.01231758,0.01631347,0.03871903,0.01246235,0.01418979,0.0148534,0.06692114,0.07923778,0.10234292,0.04680821,0.06171573,0.02263239,0.09105538,0.0103615,0.04432411,0.02955791,0.01288312,0.03007013,0.01612707
2.74,0.01783837,0.07737261,0.01029856,0.01015096,0.0122192,0.02394009,0.0885754,0.13147932,0.0714147,0.0372173,0.01760556,0.0244463,0.07955733,0.1670496,0.01262021,0.01935702,0.01322742,0.01081088,0.01106058,0.02381634,0.01843885,0.03814011,0.04904593,0.04619803,0.14064077,0.05953276,0.04655937,0.06524454,0.14733911,0.18368403,0.15313694,0.08669783,0.04084785,0.24246741,0.10172675,0.10775596,0.0251004,0.02938124,0.11577261,0.04140527,0.03460119,0.10726776,0.01269986,0.01197685,0.02662217,0.08264248,0.0549473,0.02052426,0.01151391,0.01231467,0.01552249,0.0235223,0.05372463,0.07290345,0.0155839,0.01585404,0.03872429,0.01009939,0.01128428,0.01586524,0.01019852,0.01055761,0.0145608,0.03378099,0.01068278,0.01230245,0.01246582,0.05956678,0.08187798,0.10129832,0.04337301,0.05143616,0.01888366,0.10374155,0.01035829,0.03712263,0.08824893,0.01094977,0.02509989,0.01353785
2.75,0.01489477,0.0644899,0.01013619,0.01011328,0.01031689,0.01999643,0.07382319,0.1095854,0.05952422,0.03105533,0.01635834,0.02095012,0.08168536,0.16988836,0.01060614,0.01616004,0.01104454,0.0118888,0.01655308,0.02408083,0.01957715,0.03352518,0.041293,0.0385282,0.1172216,0.04968048,0.03893687,0.06076698,0.12280283,0.15308623,0.12763742,0.07225768,0.03405578,0.26078264,0.0848256,0.0898022,0.02111959,0.02617638,0.10950415,0.03565741,0.06213353,0.14566728,0.01067326,0.01011655,0.02241141,0.06924526,0.04580549,0.01734566,0.01070992,0.01267521,0.03122355,0.05895533,0.045134,0.06082432,0.01302596,0.01323212,0.03229659,0.01005844,0.01017867,0.01327494,0.0101545,0.01048475,0.01274126,0.02873035,0.05079149,0.01054973,0.01047457,0.04966866,0.08312392,0.08444516,0.03679419,0.04287269,0.01576115,0.10881491,0.01374582,0.03733421,0.0900675,0.01699622,0.02627366,0.01848718
2.76,0.01244419,0.05375388,0.01012195,0.01013849,0.01010345,0.01671622,0.08492695,0.09134441,0.04968478,0.02593561,0.01400392,0.01777312,0.07066087,0.15943394,0.02771185,0.02685643,0.0100896,0.05255303,0.04392563,0.04715028,0.01760861,0.02824886,0.03463377,0.03214849,0.09770117,0.04153458,0.04825106,0.05073091,0.10235188,0.12758076,0.10638684,0.0866379,0.0284177,0.24114612,0.0707119,0.07485056,0.01769572,0.02477764,0.09132877,0.0327642,0.07330021,0.14135628,0.01553069,0.01039444,0.04377503,0.05780802,0.03820745,0.01482632,0.01063708,0.01405486,0.02634632,0.04950146,0.04839086,0.05106539,0.0109034,0.01105388,0.02695371,0.0100811,0.01011888,0.01110882,0.01028215,0.01032192,0.01081907,0.02552645,0.04270747,0.01024047,0.01010174,0.04141076,0.06933791,0.07038155,0.03075572,0.03576869,0.01320781,0.13961341,0.0117522,0.03178144,0.07563508,0.01529805,0.02209607,0.01618835
2.77,0.01053674,0.04482971,0.0220486,0.02443962,0.0214151,0.01420273,0.07078852,0.07614847,0.04142591,0.02168342,0.01240265,0.01506076,0.06613976,0.16027725,0.0232487,0.02264394,0.02366765,0.04384098,0.03665623,0.03933722,0.01480392,0.02361352,0.02892149,0.02690745,0.08143558,0.03493162,0.04988112,0.04230365,0.08531196,0.10633917,0.08867867,0.07222032,0.02390023,0.25349543,0.05895097,0.06238468,0.01483591,0.02419433,0.07853867,0.03153722,0.06113447,0.11781664,0.0233931,0.0325303,0.0365914,0.04821877,0.04637523,0.01290649,0.01025642,0.01297563,0.02222593,0.04133004,0.05392279,0.08552489,0.0103017,0.01019969,0.02259722,0.02150061,0.01157225,0.01021391,0.02042359,0.01283117,0.01064007,0.02143189,0.03565407,0.01012547,0.01011106,0.03454426,0.05781452,0.05866127,0.02570468,0.09677145,0.02134493,0.12526409,0.01524423,0.02654999,0.06306287,0.01380623,0.01856998,0.01410668
2.78,0.02409544,0.03812236,0.0184419,0.02040912,0.01817296,0.01973875,0.05900065,0.06349127,0.03456998,0.01815999,0.0114632,0.01335764,0.07729583,0.16315063,0.0194049,0.01888866,0.01974376,0.03659278,0.0305855,0.03280801,0.0126159,0.01976926,0.02416595,0.0225472,0.06790235,0.02937863,0.04324015,0.03528337,0.07113246,0.18715236,0.07393525,0.0601908,0.01994617,0.23416817,0.06590451,0.05200028,0.01254479,0.02508653,0.06574203,0.03151741,0.05099203,0.09820463,0.01976052,0.02723945,0.0305852,0.04023637,0.0453722,0.01544137,0.01419719,0.01190033,0.0185825,0.03448143,0.04622535,0.08842282,0.02303124,0.03011677,0.02707907,0.01799008,0.01739091,0.02002611,0.01721943,0.01592964,0.01561608,0.0180437,0.02976667,0.0200108,0.03018577,0.02886354,0.0482178,0.04889352,0.02154382,0.08068673,0.02526379,0.14307782,0.0138413,0.02215466,0.05257753,0.01162823,0.01550868,0.01184017
2.79,0.02034258,0.03764139,0.01539134,0.01702418,0.01519418,0.01694695,0.04917275,0.0529575,0.02884697,0.01531324,0.01381482,0.01535715,0.08303978,0.16129678,0.01619026,0.01575084,0.01646242,0.03058403,0.02553149,0.02736801,0.01844748,0.01678072,0.02028437,0.01887203,0.1100589,0.02462407,0.03609326,0.02946173,0.08976711,0.1560553,0.06176376,0.05016355,0.01663665,0.23063162,0.077728,0.0433488,0.01704434,0.02097564,0.05480358,0.02631339,0.04278807,0.08811733,0.01669464,0.022753,0.02613116,0.03416871,0.03785798,0.01373274,0.01334195,0.01092215,0.01579037,0.02894053,0.04599988,0.08063908,0.01933383,0.02516817,0.02598362,0.0150087,0.01455011,0.01686752,0.01440063,0.01342341,0.01368172,0.01724465,0.02489471,0.01706783,0.02521031,0.02457814,0.04031644,0.04536025,0.01846467,0.06725255,0.021119,0.14811829,0.01182462,0.01849777,0.06325611,0.01401487,0.01761247,0.01425759
2.8,0.01699692,0.03138966,0.01285217,0.01420753,0.01270482,0.01424153,0.04099048,0.04418949,0.02409602,0.0131003,0.01417707,0.01778106,0.07511287,0.15406649,0.01352851,0.01314311,0.01373113,0.03654791,0.02143018,0.0228854,0.03771771,0.03935885,0.03087627,0.01579776,0.09177275,0.02070431,0.03328542,0.03672737,0.07486939,0.1300727,0.05162018,0.04181396,0.01388388,0.23228139,0.06583125,0.03614094,0.01646325,0.01758052,0.0457043,0.02199739,0.04834534,0.08418643,0.01414809,0.01902461,0.02506343,0.04880136,0.03167504,0.01301112,0.01136357,0.01201351,0.02578546,0.04263766,0.05382758,0.07279922,0.01628131,0.02105235,0.02659641,0.01252562,0.012194,0.01427868,0.01205896,0.01138537,0.01298636,0.02826119,0.02085568,0.01426565,0.02102286,0.02061044,0.03377044,0.03780528,0.01638595,0.05608649,0.01767839,0.14859455,0.01073109,0.01809272,0.07228015,0.01359806,0.01539401,0.01383409
2.81,0.01419902,0.02617249,0.01077592,0.01189481,0.01067681,0.01199482,0.034193,0.03688964,0.02014904,0.0115715,0.01247371,0.01513954,0.07265939,0.1547775,0.01263725,0.01110545,0.01148467,0.05953359,0.050951,0.04930093,0.03177497,0.0332798,0.02951122,0.01326589,0.076503,0.02429939,0.04119552,0.03358533,0.06241929,0.10840634,0.04308259,0.03487394,0.01162763,0.24127407,0.05491771,0.03013377,0.01386282,0.01595459,0.04047593,0.01915295,0.05277176,0.0793719,0.03651783,0.01667274,0.04873083,0.04083194,0.03761647,0.01298616,0.01040097,0.01328768,0.02511862,0.03636162,0.05442707,0.07895067,0.01382374,0.01767518,0.02859291,0.01049576,0.01044368,0.01206207,0.01041106,0.01064713,0.0113865,0.02686113,0.01750468,0.01194013,0.01754374,0.01720966,0.02821563,0.03153783,0.01383664,0.04685008,0.01568709,0.15347877,0.01055791,0.02035508,0.06035098,0.01287152,0.0133736,0.0128677
2.82,0.01188771,0.02182894,0.01575963,0.02581763,0.01039735,0.01037559,0.03547582,0.03082242,0.01687561,0.01107321,0.01238114,0.01419322,0.07399178,0.15332903,0.02730167,0.04653002,0.02330676,0.0624767,0.04266779,0.04120011,0.02694957,0.02792129,0.02474652,0.01135133,0.06377859,0.02256655,0.04095757,0.02803569,0.05204273,0.0903566,0.03595453,0.06794698,0.02210137,0.24289346,0.04579889,0.02512968,0.01214414,0.01755593,0.0360085,0.02075853,0.04434861,0.06628019,0.03850269,0.04190554,0.04109711,0.03412292,0.031561,0.01311292,0.01079367,0.01218362,0.02108828,0.03040531,0.05287734,0.0903382,0.01363702,0.015158,0.02406074,0.01973876,0.01082669,0.01049762,0.01429457,0.01070592,0.01057106,0.02299523,0.01471982,0.01050752,0.01472422,0.01437412,0.02357147,0.02628728,0.01168599,0.0594671,0.02980364,0.16041817,0.01024416,0.01702008,0.05034384,0.01227341,0.01178439,0.01208641
2.83,0.01034596,0.0182414,0.01744274,0.02164849,0.01616308,0.01069874,0.02958525,0.02578923,0.01418017,0.01098187,0.01196318,0.01312175,0.06873205,0.1452502,0.02280783,0.03880622,0.01947943,0.05213051,0.03561343,0.034376,0.02271014,0.02339264,0.02072147,0.01237776,0.05319952,0.02080121,0.03822213,0.02340711,0.04342286,0.11390875,0.03003988,0.05663296,0.01850156,0.23561134,0.03827877,0.02096294,0.01094022,0.01820198,0.03917059,0.02166303,0.03717072,0.05536176,0.03216043,0.03496813,0.03435264,0.02853395,0.02632286,0.01307607,0.01152457,0.01139168,0.01774515,0.02541293,0.04952115,0.09275033,0.01185085,0.01271932,0.02008794,0.01719242,0.01394233,0.01050755,0.01745714,0.01449317,0.01077476,0.0194097,0.01297527,0.01893219,0.02376667,0.01203633,0.01975592,0.05634084,0.01051763,0.0495656,0.02488763,0.16247558,0.0139491,0.01423217,0.04199941,0.01238268,0.01173233,0.01220604
2.84,0.02132288,0.0350193,0.01465257,0.01808533,0.01537634,0.01808537,0.02466642,0.0216274,0.01201385,0.01089143,0.01325872,0.01632291,0.07071108,0.14395089,0.01903404,0.03235351,0.01625284,0.04350359,0.02971998,0.02867596,0.01954567,0.01964707,0.01736433,0.01433014,0.05141435,0.01783962,0.03196606,0.0195406,0.03851476,0.10328978,0.02524147,0.04720257,0.01545023,0.21204349,0.05115502,0.01749834,0.01467478,0.02036629,0.03415512,0.02233589,0.03169563,0.08798688,0.0268501,0.02916819,0.02872658,0.02410196,0.02195418,0.01306595,0.01205406,0.01131037,0.01514813,0.02143957,0.05131924,0.09219896,0.01035433,0.0106649,0.01676965,0.01436438,0.01187589,0.010579,0.01466228,0.01321989,0.01307431,0.01654433,0.03204773,0.01614261,0.01987321,0.01230148,0.05111227,0.07439739,0.02248268,0.04131409,0.02077033,0.16830559,0.01724245,0.01194365,0.03976162,0.01233346,0.01150052,0.01212143
2.85,0.01784815,0.0292183,0.0122852,0.01510835,0.01295154,0.01530897,0.02057163,0.01838497,0.01094556,0.01141722,0.01319802,0.01434885,0.06593829,0.137498,0.01590071,0.026981,0.0135644,0.03638824,0.02485757,0.02395675,0.02229131,0.0170101,0.01481175,0.01263214,0.04331578,0.01534386,0.02923164,0.01645048,0.03256217,0.08614975,0.02839166,0.0393473,0.01291329,0.19737834,0.04885773,0.01463008,0.01363277,0.01704357,0.02848306,0.0186633,0.04580284,0.11030161,0.02246699,0.02435003,0.02418568,0.06152557,0.01834184,0.01285947,0.01086134,0.01163374,0.02390507,0.03997362,0.05542162,0.09167066,0.01046235,0.0101916,0.0140472,0.01200247,0.0104019,0.01134268,0.01230457,0.01150834,0.01329236,0.01612964,0.02684273,0.01355891,0.01659622,0.02163811,0.04293566,0.06201576,0.01921673,0.03444476,0.01735683,0.16872854,0.01448714,0.01087235,0.05482642,0.0134713,0.01498563,0.01370982
2.86,0.01491496,0.02436643,0.01044927,0.01266669,0.01096165,0.01289081,0.01719019,0.01588377,0.01124359,0.01135041,0.01193863,0.01236751,0.06701604,0.13853244,0.0134147,0.02255398,0.01135515,0.05544048,0.02781142,0.02134232,0.02918025,0.03279991,0.03065096,0.01107102,0.03616361,0.01941938,0.03503675,0.03493446,0.02720317,0.07181017,0.02401252,0.03282412,0.01085897,0.18901369,0.04111178,0.01225588,0.01167046,0.01429772,0.02376312,0.0156158,0.06611464,0.10587379,0.02111449,0.02051329,0.05385781,0.05284972,0.02771188,0.01285914,0.01064713,0.01199534,0.02059086,0.03355724,0.05703948,0.09531585,0.01064104,0.01040721,0.02771826,0.0101534,0.01032015,0.01067849,0.01051363,0.01065433,0.01164106,0.03304434,0.02244725,0.01144231,0.01387841,0.01810365,0.03586761,0.05169381,0.01615014,0.02882492,0.0147231,0.16860559,0.01217408,0.01416258,0.04658776,0.01330384,0.01406624,0.01345305
2.87,0.01247398,0.02032314,0.0105686,0.01108352,0.0104105,0.01094722,0.02603099,0.01644315,0.01354306,0.01108467,0.01080209,0.01067041,0.06214393,0.12769763,0.02980285,0.03299505,0.01054834,0.07770905,0.04825296,0.04023067,0.02663081,0.03008493,0.0282087,0.01103654,0.03018769,0.02595261,0.03334482,0.02946129,0.02272101,0.05986462,0.02022592,0.04973773,0.02152635,0.19597211,0.03436921,0.01032984,0.01015852,0.01199654,0.01982569,0.0130682,0.05564882,0.08844236,0.03947538,0.0297529,0.04716699,0.04437587,0.02476465,0.01295309,0.01078054,0.01164908,0.01771669,0.02834377,0.05424652,0.09753275,0.01530909,0.01719845,0.03147214,0.01037028,0.01061234,0.01070066,0.01068545,0.0106385,0.01072206,0.02950336,0.0187781,0.01071968,0.0117554,0.01514648,0.02995422,0.04309028,0.01356795,0.04909467,0.02238815,0.16455124,0.01034525,0.0121324,0.03899391,0.01284653,0.01280106,0.01282389
2.88,0.01047004,0.01696101,0.01097043,0.01612971,0.01031513,0.01027161,0.02181482,0.01425511,0.01177016,0.01123306,0.01299711,0.01318082,0.05511459,0.12004337,0.02520568,0.02769294,0.02049719,0.06490459,0.04039628,0.03369797,0.02260341,0.02559259,0.02401545,0.01058699,0.02521734,0.02172282,0.02781376,0.02475636,0.01899898,0.04999512,0.01705488,0.04147504,0.01833845,0.19602886,0.02883033,0.0103216,0.01223623,0.01318022,0.01939861,0.01305734,0.04685035,0.07663489,0.03298387,0.02485783,0.03945433,0.0373309,0.02066274,0.01286861,0.01109511,0.01149641,0.01515644,0.02377132,0.04658554,0.09889161,0.01309091,0.01442969,0.02627051,0.01119551,0.01069256,0.01045841,0.01161631,0.01069268,0.01057704,0.02502874,0.0158021,0.01311367,0.01537762,0.01271612,0.02508182,0.06505129,0.0115207,0.04092553,0.01872025,0.15959453,0.01041554,0.0106492,0.03259744,0.01328639,0.01416525,0.01342668
2.89,0.01172397,0.01453888,0.01344925,0.01407319,0.01319257,0.01252235,0.01821794,0.01263999,0.01094285,0.01134559,0.01475324,0.02035949,0.04932226,0.11563201,0.02105701,0.02310683,0.01717682,0.0541427,0.03371673,0.02812394,0.01906429,0.02152142,0.02015771,0.01237307,0.0212559,0.01818735,0.02322002,0.02068206,0.01617337,0.07291832,0.01461969,0.03458077,0.01540363,0.18874573,0.02418694,0.01043845,0.01767894,0.02033843,0.02159232,0.02085993,0.03930553,0.07601723,0.02752747,0.02074438,0.03294792,0.0316611,0.01723331,0.01278294,0.01151703,0.01167586,0.01390059,0.02074124,0.03964718,0.10806937,0.01112287,0.01207663,0.02191412,0.01058959,0.01076643,0.01075573,0.01164372,0.01196284,0.01220393,0.0211024,0.04431851,0.01259327,0.01337227,0.01392446,0.04313423,0.05522286,0.01865089,0.03411403,0.01563003,0.16377585,0.03306004,0.01057322,0.02803262,0.01363793,0.01560912,0.01395003
2.9,0.01788358,0.03583574,0.01193888,0.01208374,0.01271758,0.01394306,0.01521923,0.01188222,0.01077592,0.01191462,0.01909174,0.03066035,0.04155842,0.1197283,0.0175927,0.01928006,0.01438395,0.04520627,0.02815604,0.02347672,0.01625101,0.01825912,0.01698931,0.01220859,0.01968848,0.01524373,0.01937512,0.01729619,0.02019635,0.07142866,0.01392803,0.02883577,0.01295533,0.17974142,0.02188772,0.01242484,0.03069844,0.01735582,0.01807422,0.01761418,0.03302723,0.06876955,0.02298543,0.01732032,0.02753427,0.02853751,0.01437843,0.01257605,0.01057526,0.01153151,0.01659388,0.02255857,0.03571741,0.11355797,0.01022389,0.01016462,0.01828661,0.01039183,0.01054149,0.01053996,0.01152072,0.01250293,0.01370787,0.01793962,0.045345,0.0108326,0.01129784,0.01790557,0.05902623,0.0463503,0.03362034,0.02844113,0.01305826,0.14925747,0.02811992,0.01129033,0.0264037,0.01447205,0.0164396,0.01504875
2.91,0.01746909,0.03257072,0.01144123,0.01185615,0.01204198,0.01235171,0.0127344,0.01141847,0.01074193,0.01158313,0.01776299,0.02636279,0.07189808,0.13064053,0.0147067,0.01609119,0.01207258,0.03808431,0.02353461,0.01960386,0.02859198,0.01611808,0.01438257,0.01149811,0.02873171,0.01286251,0.01619439,0.01446388,0.01829625,0.05959895,0.01285353,0.02405632,0.01108322,0.15788742,0.03681065,0.01102059,0.02574007,0.01461549,0.01509503,0.01476952,0.02767093,0.05739026,0.01927362,0.01451802,0.02309779,0.02461716,0.0120374,0.01203583,0.01179202,0.01193583,0.01416566,0.01898334,0.02984935,0.1395037,0.0102873,0.01014791,0.01532571,0.01015062,0.01029986,0.01044744,0.01049322,0.01104318,0.01233945,0.01846588,0.03788497,0.01270651,0.02054504,0.03932915,0.04929871,0.03863197,0.0282973,0.03015654,0.01097591,0.15264142,0.02351747,0.01108149,0.02206385,0.01407557,0.01430202,0.01416987
2.92,0.02745405,0.04700154,0.01090911,0.01094928,0.01170352,0.01218448,0.01074695,0.01882607,0.01118022,0.01331949,0.01603367,0.02224938,0.09223249,0.14101953,0.01231233,0.01343666,0.01028925,0.03194511,0.01969562,0.01638516,0.0260353,0.01490201,0.01235636,0.01400649,0.05917557,0.01104052,0.0135404,0.01213679,0.03532325,0.04981153,0.01935258,0.02008649,0.01121275,0.15506154,0.03245552,0.02058116,0.05999668,0.01224889,0.01259608,0.01235166,0.0231201,0.04785651,0.0163212,0.01255223,0.0193599,0.02063124,0.04632145,0.01200056,0.01090153,0.01115772,0.01340067,0.01661619,0.09008748,0.15218268,0.02299904,0.03570381,0.03171453,0.01024456,0.01096494,0.01883213,0.01051934,0.01122225,0.0145492,0.01609602,0.03163918,0.02169156,0.02004158,0.03631179,0.04114505,0.03221216,0.02380181,0.19899436,0.01083118,0.12888507,0.019747,0.01025045,0.01902552,0.01194259,0.01197877,0.01195551
2.93,0.05385168,0.17825325,0.01056442,0.01033484,0.01206348,0.01683011,0.01013216,0.02337094,0.01124104,0.0137151,0.02012819,0.0370277,0.1003866,0.13621687,0.01037985,0.01124161,0.01011555,0.02674298,0.01654799,0.01374513,0.02217817,0.01362613,0.01123499,0.01897607,0.0758638,0.01054203,0.01136546,0.01046135,0.05037849,0.07320029,0.0310325,0.01678396,0.0105531,0.15486285,0.03923381,0.03251256,0.07758158,0.01034691,0.01052345,0.01037002,0.0193241,0.03991584,0.01390081,0.01181059,0.01623394,0.01728064,0.1682962,0.03637183,0.01237183,0.01283534,0.01317684,0.01447376,0.09811394,0.13877691,0.04155705,0.04051213,0.02687406,0.06525814,0.06022015,0.06963816,0.02349199,0.02550858,0.02688317,0.01406572,0.02646657,0.01886659,0.07349575,0.03057172,0.03436168,0.02685123,0.02015587,0.18822569,0.12391818,0.12449845,0.01678542,0.01258202,0.01604861,0.01012193,0.01003757,0.01008592
2.94,0.0726841,0.16761155,0.01243501,0.01645531,0.01280854,0.03308078,0.01336802,0.02222943,0.01286968,0.01291693,0.03190609,0.04787394,0.08371996,0.11356089,0.01963941,0.02447412,0.02250219,0.02243313,0.01554522,0.01585003,0.01882654,0.0125709,0.0119606,0.02236332,0.10759858,0.01329071,0.01283965,0.01254833,0.11822568,0.06108859,0.04025207,0.01469726,0.01647318,0.12909419,0.03353223,0.0272887,0.06472575,0.01494508,0.01525563,0.01567614,0.01622114,0.03344379,0.01393842,0.04885555,0.01376796,0.01457903,0.14028383,0.03119205,0.01252953,0.0128284,0.01289081,0.01333266,0.08182555,0.11569319,0.08740379,0.16655274,0.0781614,0.12387968,0.08058602,0.07040885,0.02440565,0.02263496,0.02423276,0.01267086,0.02233347,0.09118932,0.06133205,0.02601406,0.02882903,0.02264083,0.01714075,0.156888,0.11028958,0.1037997,0.01464706,0.01300998,0.01421459,0.01534275,0.01551182,0.01595391
2.95,0.0607832,0.13977023,0.01460471,0.01556391,0.01459657,0.02809161,0.01460559,0.01942487,0.01459211,0.01456319,0.02717047,0.04016503,0.06996555,0.09477891,0.01748833,0.02115939,0.01961312,0.01955435,0.01515249,0.01527891,0.01694801,0.01454755,0.01454323,0.0194954,0.08981481,0.01459395,0.01459999,0.01456649,0.09865938,0.05118171,0.03398682,0.01487508,0.01557165,0.10770783,0.02847002,0.02371078,0.05416356,0.01494148,0.01504343,0.01521081,0.01545764,0.02839697,0.01470311,0.04103475,0.01466696,0.01484786,0.11701726,0.02657898,0.01455505,0.01455911,0.0145726,0.01461086,0.06838533,0.09655289,0.07302189,0.1388904,0.06533546,0.10336402,0.06735957,0.05890916,0.02110195,0.01975411,0.02099819,0.01455988,0.01947095,0.07616894,0.05137517,0.02236202,0.02463002,0.01969697,0.01591739,0.1308428,0.09205605,0.0866576,0.01486923,0.01457935,0.01475601,0.01508002,0.01514105,0.0153293
